<?xml version="1.0" encoding="utf-8"?>
<COLLADA xmlns="http://www.collada.org/2005/11/COLLADASchema" version="1.4.1">
  <asset><unit name="meter" meter="1"/><up_axis>Z_UP</up_axis></asset>
  <library_geometries>
    <geometry id="ruins_urban_01_geometry" name="Ruins-Urban-01">
      <mesh>
        <source id="positions">
          <float_array id="positions-array" count="9240">-21.00000 -16.00000 -0.20000 21.00000 -16.00000 -0.20000 21.00000 16.00000 -0.20000 -21.00000 16.00000 -0.20000 -21.00000 -16.00000 0.00000 21.00000 -16.00000 0.00000 21.00000 16.00000 0.00000 -21.00000 16.00000 0.00000 -14.50108 15.57000 0.00000 -2.80108 15.51000 0.00000 -2.79892 15.93000 0.00000 -14.49892 15.99000 0.00000 -14.50108 15.57000 3.40000 -2.80108 15.51000 3.40000 -2.79892 15.93000 3.40000 -14.49892 15.99000 3.40000 -1.69886 15.59000 0.00000 9.40114 15.65000 0.00000 9.39886 16.07000 0.00000 -1.70114 16.01000 0.00000 -1.69886 15.59000 2.80000 9.40114 15.65000 2.80000 9.39886 16.07000 2.80000 -1.70114 16.01000 2.80000 10.50122 15.55000 0.00000 20.80122 15.61000 0.00000 20.79878 16.03000 0.00000 10.49878 15.97000 0.00000 10.50122 15.55000 3.70000 20.80122 15.61000 3.70000 20.79878 16.03000 3.70000 10.49878 15.97000 3.70000 -20.79863 -16.03000 0.00000 -8.49863 -15.95000 0.00000 -8.50137 -15.53000 0.00000 -20.80137 -15.61000 0.00000 -20.79863 -16.03000 3.50000 -8.49863 -15.95000 3.50000 -8.50137 -15.53000 3.50000 -20.80137 -15.61000 3.50000 -7.19888 -16.05000 0.00000 4.00112 -15.99000 0.00000 3.99888 -15.57000 0.00000 -7.20112 -15.63000 0.00000 -7.19888 -16.05000 2.90000 4.00112 -15.99000 2.90000 3.99888 -15.57000 2.90000 -7.20112 -15.63000 2.90000 4.99894 -15.97000 0.00000 20.79894 -16.05000 0.00000 20.80106 -15.63000 0.00000 5.00106 -15.55000 0.00000 4.99894 -15.97000 3.60000 20.79894 -16.05000 3.60000 20.80106 -15.63000 3.60000 5.00106 -15.55000 3.60000 -21.05000 15.75093 0.00000 -21.11000 2.20093 0.00000 -20.69000 2.19907 0.00000 -20.63000 15.74907 0.00000 -21.05000 15.75093 3.40000 -21.11000 2.20093 3.40000 -20.69000 2.19907 3.40000 -20.63000 15.74907 3.40000 -21.09000 -2.20093 0.00000 -21.03000 -15.75093 0.00000 -20.61000 -15.74907 0.00000 -20.67000 -2.19907 0.00000 -21.09000 -2.20093 3.20000 -21.03000 -15.75093 3.20000 -20.61000 -15.74907 3.20000 -20.67000 -2.19907 3.20000 21.05000 -15.70118 0.00000 21.13000 -1.50118 0.00000 20.71000 -1.49882 0.00000 20.63000 -15.69882 0.00000 21.05000 -15.70118 3.30000 21.13000 -1.50118 3.30000 20.71000 -1.49882 3.30000 20.63000 -15.69882 3.30000 21.07000 -0.30052 0.00000 21.11000 15.69948 0.00000 20.69000 15.70052 0.00000 20.65000 -0.29948 0.00000 21.07000 -0.30052 3.80000 21.11000 15.69948 3.80000 20.69000 15.70052 3.80000 20.65000 -0.29948 3.80000 -1.58829 1.70425 0.00000 -1.15851 1.80739 0.00000 -1.22852 2.09911 0.00000 -1.65830 1.99596 0.00000 -1.58829 1.70425 2.55000 -1.15851 1.80739 2.55000 -1.22852 2.09911 2.55000 -1.65830 1.99596 2.55000 -0.77148 -1.69911 0.00000 -0.34170 -1.59596 0.00000 -0.41171 -1.30425 0.00000 -0.84149 -1.40739 0.00000 -0.77148 -1.69911 2.55000 -0.34170 -1.59596 2.55000 -0.41171 -1.30425 2.55000 -0.84149 -1.40739 2.55000 4.13889 1.85771 0.00000 4.54866 1.76756 0.00000 4.61312 2.06055 0.00000 4.20335 2.15070 0.00000 4.13889 1.85771 2.75000 4.54866 1.76756 2.75000 4.61312 2.06055 2.75000 4.20335 2.15070 2.75000 3.38688 -1.56055 0.00000 3.79665 -1.65070 0.00000 3.86111 -1.35771 0.00000 3.45134 -1.26756 0.00000 3.38688 -1.56055 2.75000 3.79665 -1.65070 2.75000 3.86111 -1.35771 2.75000 3.45134 -1.26756 2.75000 8.41171 1.80425 0.00000 8.84149 1.90739 0.00000 8.77148 2.19911 0.00000 8.34170 2.09596 0.00000 8.41171 1.80425 2.95000 8.84149 1.90739 2.95000 8.77148 2.19911 2.95000 8.34170 2.09596 2.95000 9.22852 -1.59911 0.00000 9.65830 -1.49596 0.00000 9.58829 -1.20425 0.00000 9.15851 -1.30739 0.00000 9.22852 -1.59911 2.95000 9.65830 -1.49596 2.95000 9.58829 -1.20425 2.95000 9.15851 -1.30739 2.95000 -13.66825 1.28927 0.00000 -13.84204 2.26246 0.00000 -14.13737 2.20972 0.00000 -13.96358 1.23653 0.00000 -13.66825 1.28927 2.75000 -13.84204 2.26246 2.75000 -14.13737 2.20972 2.75000 -13.96358 1.23653 2.75000 -10.86263 1.79028 0.00000 -11.03642 2.76347 0.00000 -11.33175 2.71073 0.00000 -11.15796 1.73754 0.00000 -10.86263 1.79028 2.75000 -11.03642 2.76347 2.75000 -11.33175 2.71073 2.75000 -11.15796 1.73754 2.75000 -14.41205 11.60815 0.00000 -14.00702 12.07104 0.00000 -14.23279 12.26859 0.00000 -14.63782 11.80570 0.00000 -14.41205 11.60815 3.15000 -14.00702 12.07104 3.15000 -14.23279 12.26859 3.15000 -14.63782 11.80570 3.15000 -12.26721 9.73141 0.00000 -11.86218 10.19430 0.00000 -12.08795 10.39185 0.00000 -12.49298 9.92896 0.00000 -12.26721 9.73141 3.15000 -11.86218 10.19430 3.15000 -12.08795 10.39185 3.15000 -12.49298 9.92896 3.15000 -9.80704 13.24903 0.00000 -7.77630 12.63981 0.00000 -7.69010 12.92716 0.00000 -9.72084 13.53638 0.00000 -9.80704 13.24903 2.55000 -7.77630 12.63981 2.55000 -7.69010 12.92716 2.55000 -9.72084 13.53638 2.55000 -10.30990 11.57284 0.00000 -8.27916 10.96362 0.00000 -8.19296 11.25097 0.00000 -10.22370 11.86019 0.00000 -10.30990 11.57284 2.55000 -8.27916 10.96362 2.55000 -8.19296 11.25097 2.55000 -10.22370 11.86019 2.55000 -4.82550 9.74197 0.00000 -4.60802 9.35051 0.00000 -4.34578 9.49620 0.00000 -4.56326 9.88767 0.00000 -4.82550 9.74197 2.75000 -4.60802 9.35051 2.75000 -4.34578 9.49620 2.75000 -4.56326 9.88767 2.75000 -6.15422 9.00380 0.00000 -5.93674 8.61233 0.00000 -5.67450 8.75803 0.00000 -5.89198 9.14949 0.00000 -6.15422 9.00380 2.75000 -5.93674 8.61233 2.75000 -5.67450 8.75803 2.75000 -5.89198 9.14949 2.75000 -2.56948 4.74130 0.00000 -2.38632 2.03061 0.00000 -2.08701 2.05083 0.00000 -2.27016 4.76152 0.00000 -2.56948 4.74130 2.95000 -2.38632 2.03061 2.95000 -2.08701 2.05083 2.95000 -2.27016 4.76152 2.95000 -5.41299 4.54917 0.00000 -5.22984 1.83848 0.00000 -4.93052 1.85870 0.00000 -5.11368 4.56939 0.00000 -5.41299 4.54917 2.95000 -5.22984 1.83848 2.95000 -4.93052 1.85870 2.95000 -5.11368 4.56939 2.95000 -17.47900 10.00134 0.00000 -17.78800 10.37588 0.00000 -18.01941 10.18497 0.00000 -17.71041 9.81042 0.00000 -17.47900 10.00134 3.15000 -17.78800 10.37588 3.15000 -18.01941 10.18497 3.15000 -17.71041 9.81042 3.15000 -15.28059 11.81503 0.00000 -15.58959 12.18958 0.00000 -15.82100 11.99866 0.00000 -15.51200 11.62412 0.00000 -15.28059 11.81503 3.15000 -15.58959 12.18958 3.15000 -15.82100 11.99866 3.15000 -15.51200 11.62412 3.15000 -7.17423 -1.94288 0.00000 -7.31841 -2.72145 0.00000 -7.02342 -2.77608 0.00000 -6.87924 -1.99750 0.00000 -7.17423 -1.94288 2.55000 -7.31841 -2.72145 2.55000 -7.02342 -2.77608 2.55000 -6.87924 -1.99750 2.55000 -9.97658 -1.42392 0.00000 -10.12076 -2.20250 0.00000 -9.82577 -2.25712 0.00000 -9.68159 -1.47855 0.00000 -9.97658 -1.42392 2.55000 -10.12076 -2.20250 2.55000 -9.82577 -2.25712 2.55000 -9.68159 -1.47855 2.55000 -10.72329 -6.55453 0.00000 -11.58774 -7.02133 0.00000 -11.44519 -7.28530 0.00000 -10.58075 -6.81850 0.00000 -10.72329 -6.55453 2.75000 -11.58774 -7.02133 2.75000 -11.44519 -7.28530 2.75000 -10.58075 -6.81850 2.75000 -11.55481 -5.01470 0.00000 -12.41925 -5.48150 0.00000 -12.27671 -5.74547 0.00000 -11.41226 -5.27867 0.00000 -11.55481 -5.01470 2.75000 -12.41925 -5.48150 2.75000 -12.27671 -5.74547 2.75000 -11.41226 -5.27867 2.75000 -12.57109 -11.61463 0.00000 -10.22385 -11.94995 0.00000 -10.18142 -11.65296 0.00000 -12.52866 -11.31764 0.00000 -12.57109 -11.61463 3.15000 -10.22385 -11.94995 3.15000 -10.18142 -11.65296 3.15000 -12.52866 -11.31764 3.15000 -12.81858 -13.34704 0.00000 -10.47134 -13.68236 0.00000 -10.42891 -13.38537 0.00000 -12.77615 -13.05005 0.00000 -12.81858 -13.34704 3.15000 -10.47134 -13.68236 3.15000 -10.42891 -13.38537 3.15000 -12.77615 -13.05005 3.15000 -6.22905 -11.33918 0.00000 -4.85515 -10.58979 0.00000 -4.99881 -10.32642 0.00000 -6.37270 -11.07581 0.00000 -6.22905 -11.33918 2.55000 -4.85515 -10.58979 2.55000 -4.99881 -10.32642 2.55000 -6.37270 -11.07581 2.55000 -5.50119 -12.67358 0.00000 -4.12730 -11.92419 0.00000 -4.27095 -11.66082 0.00000 -5.64485 -12.41021 0.00000 -5.50119 -12.67358 2.55000 -4.12730 -11.92419 2.55000 -4.27095 -11.66082 2.55000 -5.64485 -12.41021 2.55000 -1.73986 -7.43674 0.00000 -1.06326 -6.76014 0.00000 -1.27539 -6.54801 0.00000 -1.95199 -7.22461 0.00000 -1.73986 -7.43674 2.75000 -1.06326 -6.76014 2.75000 -1.27539 -6.54801 2.75000 -1.95199 -7.22461 2.75000 0.27539 -9.45199 0.00000 0.95199 -8.77539 0.00000 0.73986 -8.56326 0.00000 0.06326 -9.23986 0.00000 0.27539 -9.45199 2.75000 0.95199 -8.77539 2.75000 0.73986 -8.56326 2.75000 0.06326 -9.23986 2.75000 0.22500 -3.65000 0.00000 0.22500 -1.55000 0.00000 -0.07500 -1.55000 0.00000 -0.07500 -3.65000 0.00000 0.22500 -3.65000 2.95000 0.22500 -1.55000 2.95000 -0.07500 -1.55000 2.95000 -0.07500 -3.65000 2.95000 3.07500 -3.65000 0.00000 3.07500 -1.55000 0.00000 2.77500 -1.55000 0.00000 2.77500 -3.65000 0.00000 3.07500 -3.65000 2.95000 3.07500 -1.55000 2.95000 2.77500 -1.55000 2.95000 2.77500 -3.65000 2.95000 -15.35913 -9.80237 0.00000 -16.32891 -10.38424 0.00000 -16.17456 -10.64149 0.00000 -15.20478 -10.05962 0.00000 -15.35913 -9.80237 3.15000 -16.32891 -10.38424 3.15000 -16.17456 -10.64149 3.15000 -15.20478 -10.05962 3.15000 -16.82544 -7.35851 0.00000 -17.79522 -7.94038 0.00000 -17.64087 -8.19763 0.00000 -16.67109 -7.61576 0.00000 -16.82544 -7.35851 3.15000 -17.79522 -7.94038 3.15000 -17.64087 -8.19763 3.15000 -16.67109 -7.61576 3.15000 14.06213 6.34164 0.00000 15.28941 6.95528 0.00000 15.15524 7.22361 0.00000 13.92797 6.60997 0.00000 14.06213 6.34164 2.75000 15.28941 6.95528 2.75000 15.15524 7.22361 2.75000 13.92797 6.60997 2.75000 14.84476 4.77639 0.00000 16.07203 5.39003 0.00000 15.93787 5.65836 0.00000 14.71059 5.04472 0.00000 14.84476 4.77639 2.75000 16.07203 5.39003 2.75000 15.93787 5.65836 2.75000 14.71059 5.04472 2.75000 16.67711 8.63412 0.00000 17.12257 11.08412 0.00000 16.82741 11.13779 0.00000 16.38195 8.68778 0.00000 16.67711 8.63412 2.95000 17.12257 11.08412 2.95000 16.82741 11.13779 2.95000 16.38195 8.68778 2.95000 18.17259 8.36221 0.00000 18.61805 10.81222 0.00000 18.32289 10.86588 0.00000 17.87743 8.41588 0.00000 18.17259 8.36221 2.95000 18.61805 10.81222 2.95000 18.32289 10.86588 2.95000 17.87743 8.41588 2.95000 13.16190 -1.19433 0.00000 13.34974 -2.26503 0.00000 13.64523 -2.21319 0.00000 13.45739 -1.14249 0.00000 13.16190 -1.19433 3.15000 13.34974 -2.26503 3.15000 13.64523 -2.21319 3.15000 13.45739 -1.14249 3.15000 10.35477 -1.68681 0.00000 10.54261 -2.75751 0.00000 10.83810 -2.70567 0.00000 10.65026 -1.63497 0.00000 10.35477 -1.68681 3.15000 10.54261 -2.75751 3.15000 10.83810 -2.70567 3.15000 10.65026 -1.63497 3.15000 14.64161 -6.00898 0.00000 14.91177 -6.29458 0.00000 15.12971 -6.08842 0.00000 14.85955 -5.80282 0.00000 14.64161 -6.00898 2.55000 14.91177 -6.29458 2.55000 15.12971 -6.08842 2.55000 14.85955 -5.80282 2.55000 13.37029 -7.21158 0.00000 13.64045 -7.49718 0.00000 13.85839 -7.29102 0.00000 13.58823 -7.00542 0.00000 13.37029 -7.21158 2.55000 13.64045 -7.49718 2.55000 13.85839 -7.29102 2.55000 13.58823 -7.00542 2.55000 18.36441 -9.74808 0.00000 18.75732 -10.33744 0.00000 19.00693 -10.17103 0.00000 18.61402 -9.58167 0.00000 18.36441 -9.74808 2.75000 18.75732 -10.33744 2.75000 19.00693 -10.17103 2.75000 18.61402 -9.58167 2.75000 15.99307 -11.32897 0.00000 16.38598 -11.91833 0.00000 16.63559 -11.75192 0.00000 16.24268 -11.16256 0.00000 15.99307 -11.32897 2.75000 16.38598 -11.91833 2.75000 16.63559 -11.75192 2.75000 16.24268 -11.16256 2.75000 10.81888 -6.87893 0.00000 8.65932 -7.77598 0.00000 8.77440 -8.05303 0.00000 10.93396 -7.15598 0.00000 10.81888 -6.87893 2.95000 8.65932 -7.77598 2.95000 8.77440 -8.05303 2.95000 10.93396 -7.15598 2.95000 9.72560 -4.24697 0.00000 7.56604 -5.14402 0.00000 7.68112 -5.42107 0.00000 9.84068 -4.52402 0.00000 9.72560 -4.24697 2.95000 7.56604 -5.14402 2.95000 7.68112 -5.42107 2.95000 9.84068 -4.52402 2.95000 -9.53266 -11.71185 0.16371 -9.81207 -6.67593 -0.14529 -10.15134 -6.69541 -0.15593 -9.87193 -11.73133 0.15308 -9.64693 -11.51646 3.45129 -9.92634 -6.48054 3.14228 -10.26562 -6.50002 3.13164 -9.98621 -11.53594 3.44065 -9.33636 -9.82711 0.60131 -9.62791 -7.08785 1.12422 -10.62450 -7.18133 1.05828 -10.33295 -9.92059 0.53537 -9.35228 -9.89243 0.93460 -9.64383 -7.15317 1.45751 -10.64043 -7.24665 1.39156 -10.34888 -9.98591 0.86865 -9.27123 -8.60132 -0.03186 -8.40666 -8.17751 0.07342 -8.76562 -7.43601 0.03636 -9.63020 -7.85982 -0.06892 -9.34736 -8.60599 0.61210 -8.48278 -8.18218 0.71738 -8.84175 -7.44068 0.68032 -9.70633 -7.86448 0.57504 -8.74625 -10.18141 0.02303 -8.60375 -9.74243 0.04347 -8.96740 -9.62150 -0.01841 -9.10990 -10.06049 -0.03885 -8.80160 -10.17882 0.35332 -8.65910 -9.73984 0.37376 -9.02275 -9.61891 0.31187 -9.16525 -10.05790 0.29143 -8.59235 -8.48123 -0.10071 -8.93104 -7.29408 -0.06021 -9.86565 -7.56661 0.11247 -9.52696 -8.75376 0.07196 -8.46174 -8.46876 0.62595 -8.80042 -7.28161 0.66646 -9.73503 -7.55414 0.83913 -9.39634 -8.74129 0.79863 -9.35290 -9.77578 -0.17544 -6.13001 -7.09122 0.18250 -6.34773 -6.83008 0.18426 -9.57062 -9.51463 -0.17368 -9.50333 -9.91752 2.24213 -6.28045 -7.23296 2.60007 -6.49817 -6.97182 2.60184 -9.72105 -9.65638 2.24390 -8.77597 -11.07457 0.99312 -5.80704 -7.91330 0.75327 -6.63510 -7.14331 0.65189 -9.60403 -10.30458 0.89174 -8.78533 -11.04012 1.33124 -5.81640 -7.87885 1.09139 -6.64447 -7.10886 0.99001 -9.61340 -10.27013 1.22986 -8.53623 -10.01844 0.09734 -9.60268 -9.86579 -0.10164 -9.68138 -10.39630 -0.08686 -8.61492 -10.54895 0.11212 -8.64443 -9.98554 0.70248 -9.71088 -9.83288 0.50350 -9.78957 -10.36339 0.51828 -8.72312 -10.51604 0.71726 -6.33153 -7.85901 0.12763 -5.49927 -7.79283 0.10862 -5.57279 -6.93132 -0.11095 -6.40505 -6.99750 -0.09195 -6.33020 -7.72621 0.64822 -5.49794 -7.66003 0.62921 -5.57146 -6.79852 0.40964 -6.40372 -6.86470 0.42865 -7.91436 -7.53974 0.06959 -7.48221 -6.60049 -0.12009 -8.23479 -6.24183 -0.05871 -8.66695 -7.18107 0.13096 -7.83319 -7.46467 0.62627 -7.40103 -6.52542 0.43659 -8.15362 -6.16676 0.49797 -8.58577 -7.10600 0.68764 9.64976 11.46350 -0.38499 13.76229 14.43840 0.44032 13.56461 14.71480 0.42907 9.45208 11.73990 -0.39624 9.16189 11.24550 2.83195 13.27442 14.22039 3.65725 13.07674 14.49679 3.64600 8.96420 11.52189 2.82070 11.62424 10.75653 0.97728 13.60465 14.47662 0.95710 12.83730 14.88612 1.14089 10.85689 11.16603 1.16108 11.68704 10.72491 1.30993 13.66745 14.44500 1.28975 12.90010 14.85450 1.47354 10.91969 11.13441 1.49373 11.22368 14.42137 -0.08507 11.10674 15.16587 0.05134 10.75277 15.10253 0.09356 10.86971 14.35804 -0.04285 11.27717 14.36350 0.27662 11.16023 15.10800 0.41303 10.80626 15.04466 0.45525 10.92321 14.30017 0.31884 11.05514 15.16253 0.04356 10.57946 15.17492 0.09956 10.54605 14.47600 -0.02962 11.02173 14.46361 -0.08562 11.12023 15.05274 0.62074 10.64455 15.06514 0.67674 10.61114 14.36621 0.54757 11.08681 14.35382 0.49157 12.89457 10.79303 0.09681 12.67712 11.91510 -0.08846 12.23940 11.83049 -0.08717 12.45686 10.70842 0.09810 12.87395 10.91094 0.83508 12.65650 12.03300 0.64981 12.21879 11.94839 0.65110 12.43624 10.82632 0.83637 -2.14957 -5.47197 0.27105 -6.13126 -2.22128 -0.24001 -6.34567 -2.48505 -0.24727 -2.36398 -5.73574 0.26380 -2.56724 -5.25924 4.87824 -6.54893 -2.00855 4.36717 -6.76334 -2.27232 4.35991 -2.78165 -5.52301 4.87098 -2.75637 -3.84005 0.92704 -4.46490 -1.48027 0.24684 -5.03984 -1.94867 0.06597 -3.33131 -4.30845 0.74617 -2.86735 -3.82784 1.24819 -4.57589 -1.46805 0.56798 -5.15082 -1.93645 0.38711 -3.44229 -4.29624 1.06732 -5.66075 -5.83201 0.06810 -5.28330 -5.23217 -0.01421 -5.92806 -4.83309 -0.06255 -6.30550 -5.43292 0.01977 -5.65621 -5.74817 0.69981 -5.27876 -5.14834 0.61749 -5.92352 -4.74925 0.56916 -6.30097 -5.34909 0.65148 -6.80455 -4.36473 -0.04709 -5.95934 -4.32071 0.10366 -5.97025 -3.95446 0.05791 -6.81546 -3.99848 -0.09285 -6.88814 -4.31064 0.40581 -6.04293 -4.26662 0.55657 -6.05385 -3.90037 0.51081 -6.89906 -3.94439 0.36006 -4.69036 -3.52518 0.07416 -4.52748 -2.59018 -0.00251 -5.21111 -2.47672 -0.07123 -5.37400 -3.41172 0.00545 -4.72058 -3.49058 0.43192 -4.55769 -2.55558 0.35525 -5.24133 -2.44212 0.28653 -5.40421 -3.37712 0.36320 1.93494 -11.79010 -0.19159 5.93116 -11.36476 0.18179 5.89055 -11.03175 0.23706 1.89433 -11.45709 -0.13632 1.74565 -12.23323 2.33921 5.74186 -11.80789 2.71259 5.70125 -11.47488 2.76786 1.70504 -11.90022 2.39448 3.21804 -11.25501 0.74315 5.89466 -11.80038 1.14844 6.06983 -11.02407 1.03619 3.39321 -10.47870 0.63089 3.17922 -11.19810 1.07610 5.85584 -11.74347 1.48139 6.03101 -10.96717 1.36913 3.35439 -10.42180 0.96384 5.07795 -10.53412 -0.09858 4.21371 -10.51132 0.04479 4.20060 -11.38596 0.10483 5.06484 -11.40875 -0.03854 5.14298 -10.50847 0.28931 4.27873 -10.48567 0.43268 4.26562 -11.36031 0.49271 5.12987 -11.38310 0.34934 4.49789 -12.27488 0.09819 4.80182 -11.83324 0.04001 4.27814 -11.48866 -0.08000 3.97421 -11.93030 -0.02182 4.42466 -12.12610 0.84491 4.72859 -11.68446 0.78673 4.20491 -11.33988 0.66671 3.90098 -11.78152 0.72490 2.02300 -14.14672 0.04147 2.61089 -13.49587 -0.06302 2.06701 -13.00076 -0.03910 1.47912 -13.65162 0.06539 2.05545 -14.12609 0.35260 2.64335 -13.47524 0.24811 2.09947 -12.98013 0.27202 1.51157 -13.63099 0.37651 -0.56214 -13.89353 0.14418 3.06819 -11.50250 -0.15138 2.88483 -11.21908 -0.11070 -0.74549 -13.61011 0.18486 -0.13156 -14.11589 3.63410 3.49877 -11.72486 3.33854 3.31542 -11.44144 3.37922 -0.31491 -13.83247 3.67478 0.58620 -13.01596 0.71151 3.82116 -12.24639 0.81057 3.57384 -11.24471 1.10535 0.33888 -12.01429 1.00629 0.59836 -13.10912 1.03827 3.83332 -12.33955 1.13733 3.58600 -11.33788 1.43211 0.35104 -12.10745 1.33305 2.77100 -14.47690 -0.01470 2.37942 -13.74451 0.00971 1.90805 -13.99672 0.01516 2.29963 -14.72910 -0.00925 2.79255 -14.49680 0.92807 2.40097 -13.76442 0.95248 1.92960 -14.01662 0.95794 2.32118 -14.74901 0.93352 3.61963 -12.31089 -0.02304 2.83176 -11.86155 -0.05972 2.53820 -12.36897 0.02990 3.32607 -12.81831 0.06658 3.64206 -12.22664 0.52743 2.85418 -11.77730 0.49075 2.56062 -12.28472 0.58037 3.34850 -12.73406 0.61705 1.65886 -13.89796 0.01705 1.50353 -13.30303 0.11100 1.09879 -13.39323 0.01296 1.25413 -13.98816 -0.08098 1.51270 -14.05411 0.76419 1.35736 -13.45918 0.85814 0.95262 -13.54938 0.76011 1.10796 -14.14431 0.66616 16.72633 -5.16139 -0.00787 15.53397 -1.13344 0.07547 15.20974 -1.22864 0.03790 16.40210 -5.25659 -0.04545 16.24971 -5.40008 4.70930 15.05736 -1.37214 4.79265 14.73313 -1.46734 4.75507 15.92548 -5.49528 4.67173 15.94100 -5.91488 0.54618 15.34011 -2.28299 0.88629 14.39778 -2.43749 0.87128 14.99868 -6.06939 0.53117 15.94081 -5.94662 0.88470 15.33992 -2.31472 1.22480 14.39759 -2.46922 1.20979 14.99849 -6.10112 0.86969 16.82497 -4.05650 0.07421 16.31163 -4.01837 0.02892 16.26516 -4.75397 -0.06371 16.77850 -4.79211 -0.01842 16.73869 -4.16291 0.96250 16.22535 -4.12478 0.91721 16.17888 -4.86038 0.82457 16.69222 -4.89852 0.86987 16.89515 -4.89992 -0.02421 17.66452 -3.99693 0.01846 17.32916 -3.71149 0.02459 16.55980 -4.61448 -0.01807 16.88856 -4.91880 0.49419 17.65793 -4.01581 0.53686 17.32258 -3.73037 0.54299 16.55321 -4.63336 0.50033 15.02219 -5.37282 0.04141 15.76176 -5.16623 -0.14900 15.54574 -4.27482 -0.02090 14.80618 -4.48141 0.16951 15.16195 -5.41100 0.54278 15.90151 -5.20442 0.35237 15.68549 -4.31301 0.48047 14.94593 -4.51960 0.67089 8.07863 6.35799 0.24222 4.08160 6.75749 -0.22022 4.04392 6.42145 -0.18480 8.04094 6.02195 0.27763 7.58853 6.90958 4.95482 3.59151 7.30908 4.49238 3.55382 6.97304 4.52780 7.55085 6.57354 4.99023 7.01291 6.82751 0.80630 3.91611 6.23491 0.09646 4.08160 5.08305 0.33611 7.17840 5.67566 1.04595 6.92794 6.88282 1.13083 3.83114 6.29022 0.42099 3.99662 5.13836 0.66064 7.09343 5.73097 1.37048 6.65457 7.14860 -0.04442 7.33869 7.36856 -0.02199 7.19418 7.81088 0.04826 6.51006 7.59092 0.02583 6.65994 7.09881 0.28011 7.34406 7.31877 0.30253 7.19955 7.76109 0.37278 6.51543 7.54113 0.35035 4.76407 6.68621 -0.06187 4.93885 7.64179 0.11121 4.44492 7.73837 0.07676 4.27014 6.78279 -0.09632 4.68101 6.55323 0.75622 4.85579 7.50881 0.92930 4.36186 7.60539 0.89485 4.18708 6.64981 0.72177 5.89593 6.44145 0.01331 5.14350 7.53596 -0.06392 4.47328 7.07895 -0.01096 5.22571 5.98443 0.06627 5.90882 6.49355 0.62609 5.15639 7.58806 0.54886 4.48617 7.13105 0.60182 5.23860 6.03654 0.67905 -9.75686 6.75735 -0.06566 -11.81623 11.22967 0.06347 -12.12500 11.08738 0.06734 -10.06563 6.61505 -0.06180 -9.66960 6.67929 4.02928 -11.72897 11.15161 4.15841 -12.03774 11.00932 4.16228 -9.97837 6.53700 4.03314 -9.69093 7.93225 0.48757 -11.87648 10.67847 0.47449 -12.71196 10.01505 0.78539 -10.52641 7.26882 0.79847 -9.61726 7.99244 0.81399 -11.80281 10.73866 0.80091 -12.63829 10.07523 1.11181 -10.45274 7.32901 1.12489 -9.67231 10.51397 0.14957 -10.39049 11.30966 -0.07508 -10.86444 10.86472 -0.13586 -10.14626 10.06903 0.08879 -9.78295 10.56083 0.66923 -10.50113 11.35652 0.44458 -10.97507 10.91159 0.38380 -10.25690 10.11589 0.60845 -11.67943 9.73055 -0.13400 -12.57822 10.64422 0.14086 -12.91534 10.30937 0.15156 -12.01655 9.39571 -0.12330 -11.55184 9.62647 0.62921 -12.45063 10.54013 0.90407 -12.78775 10.20529 0.91477 -11.88896 9.29162 0.63991 -11.85170 6.82155 0.06409 -11.24598 6.82280 0.00226 -11.25385 7.69044 -0.05728 -11.85957 7.68919 0.00455 -11.76022 6.88396 0.96157 -11.15450 6.88521 0.89974 -11.16237 7.75286 0.84021 -11.76809 7.75160 0.90204 -4.18572 12.23186 -0.04260 -0.55027 13.26408 0.04261 -0.64315 13.59115 0.04333 -4.27860 12.55892 -0.04188 -4.24596 12.20848 2.81041 -0.61051 13.24071 2.89563 -0.70339 13.56778 2.89635 -4.33884 12.53555 2.81113 -4.17727 13.04943 1.10175 -0.87373 13.72908 0.63202 -1.06780 14.56806 0.48108 -4.37134 13.88841 0.95081 -4.14398 13.11678 1.43335 -0.84043 13.79644 0.96362 -1.03450 14.63542 0.81268 -4.33805 13.95576 1.28240 -3.20165 11.72489 0.01496 -2.41341 12.30312 -0.17449 -2.97183 13.12321 0.00514 -3.76007 12.54498 0.19458 -3.05155 11.70416 0.57622 -2.26331 12.28239 0.38678 -2.82173 13.10248 0.56640 -3.60997 12.52425 0.75584 -1.64266 11.14441 -0.02239 -2.70329 11.19641 -0.01466 -2.73038 10.63810 0.02308 -1.66975 10.58610 0.01535 -1.63946 11.16472 0.28036 -2.70008 11.21671 0.28809 -2.72718 10.65841 0.32583 -1.66655 10.60641 0.31810 -0.42518 13.97657 -0.07280 -1.32175 14.76453 0.13629 -1.83140 14.19765 0.08727 -0.93483 13.40968 -0.12182 -0.35210 13.83891 0.75932 -1.24867 14.62688 0.96841 -1.75831 14.06000 0.91940 -0.86175 13.27203 0.71031 -4.06943 -7.94684 0.07489 -4.99037 -3.06395 -0.08829 -5.32113 -3.12466 -0.03819 -4.40020 -8.00755 0.12499 -3.62483 -7.75723 3.23951 -4.54577 -2.87434 3.07634 -4.87653 -2.93505 3.12644 -3.95560 -7.81794 3.28962 -3.83556 -7.93999 1.25618 -2.44984 -4.23155 0.64068 -3.48922 -3.84606 0.62327 -4.87493 -7.55450 1.23878 -3.82234 -7.88918 1.59210 -2.43662 -4.18074 0.97660 -3.47599 -3.79525 0.95919 -4.86171 -7.50369 1.57470 -4.25313 -5.02563 -0.06244 -3.96056 -4.18222 0.06941 -4.74050 -3.91161 0.06903 -5.03307 -4.75502 -0.06282 -4.28282 -5.11034 0.54531 -3.99025 -4.26693 0.67716 -4.77018 -3.99632 0.67678 -5.06275 -4.83973 0.54493 -2.90309 -4.19494 -0.02700 -2.90483 -3.20848 0.16582 -3.72704 -3.18723 0.04965 -3.72529 -4.17369 -0.14317 -3.01573 -4.34558 0.74267 -3.01748 -3.35912 0.93549 -3.83968 -3.33787 0.81931 -3.83793 -4.32433 0.62650 -5.44946 -5.45529 0.26394 -6.51815 -4.80869 0.00588 -7.00160 -5.70461 -0.23689 -5.93291 -6.35122 0.02116 -5.61143 -5.51150 0.79390 -6.68012 -4.86489 0.53584 -7.16358 -5.76082 0.29307 -6.09489 -6.40742 0.55112 -17.30583 4.04233 4.58257 -15.67005 5.82827 5.65567 -15.82720 5.96780 5.66300 -17.46298 4.18186 4.58990 -17.35703 3.97465 4.77326 -15.72125 5.76058 5.84636 -15.87840 5.90012 5.85369 -17.51418 4.11418 4.78059 -10.66516 7.90967 4.32989 -7.66956 11.01034 5.75624 -7.84186 11.17801 5.75362 -10.83746 8.07734 4.32727 -10.73415 7.84329 4.61909 -7.73855 10.94396 6.04544 -7.91085 11.11163 6.04282 -10.90645 8.01096 4.61647 -5.33627 -3.15701 5.89336 -5.50509 -0.53275 5.25667 -5.72965 -0.55746 5.21437 -5.56083 -3.18172 5.85106 -5.37838 -3.11188 6.09054 -5.54720 -0.48762 5.45385 -5.77176 -0.51233 5.41155 -5.60294 -3.13659 6.04824 1.92141 -12.49491 5.15554 3.27379 -7.88451 6.70497 3.11246 -7.84439 6.72640 1.76008 -12.45479 5.17698 1.93510 -12.59904 5.45344 3.28748 -7.98864 7.00287 3.12615 -7.94852 7.02431 1.77377 -12.55892 5.47488 -16.58804 -14.47143 5.63585 -17.23705 -10.20371 5.71501 -17.49894 -10.24443 5.76280 -16.84993 -14.51214 5.68364 -16.52768 -14.46843 5.96921 -17.17669 -10.20072 6.04836 -17.43858 -10.24143 6.09615 -16.78957 -14.50915 6.01699 -15.19161 -1.71349 4.70478 -18.28846 -1.68963 5.16116 -18.28911 -1.92614 5.16912 -15.19226 -1.95000 4.71274 -15.16043 -1.70647 4.91597 -18.25729 -1.68261 5.37235 -18.25794 -1.91912 5.38030 -15.16108 -1.94297 4.92393 -11.75479 4.97496 5.75761 -8.94013 8.61863 5.31125 -9.15776 8.78512 5.29800 -11.97242 5.14145 5.74436 -11.74892 5.00529 6.04225 -8.93425 8.64896 5.59589 -9.15188 8.81545 5.58264 -11.96655 5.17178 6.02900 -12.30631 8.29658 4.70540 -8.91619 8.57270 6.04403 -8.93243 8.79835 6.03861 -12.32255 8.52223 4.69998 -12.42162 8.29530 4.99769 -9.03150 8.57143 6.33631 -9.04774 8.79707 6.33090 -12.43786 8.52095 4.99227 -7.79468 -8.04510 5.38577 -10.62510 -7.17075 5.94351 -10.70882 -7.45205 5.95961 -7.87840 -8.32639 5.40187 -7.76144 -8.04531 5.55479 -10.59186 -7.17097 6.11253 -10.67558 -7.45226 6.12863 -7.84516 -8.32661 5.57089 -13.47888 -6.88795 5.59968 -15.31973 -4.71642 6.09256 -15.52430 -4.88737 6.08167 -13.68345 -7.05890 5.58880 -13.46325 -6.91911 5.79532 -15.30410 -4.74758 6.28820 -15.50867 -4.91852 6.27731 -13.66782 -7.09005 5.78444 6.84836 -9.83325 4.61055 2.98732 -9.58316 5.31222 2.96601 -9.89325 5.30549 6.82705 -10.14334 4.60382 6.89433 -9.84197 4.86665 3.03330 -9.59188 5.56831 3.01199 -9.90196 5.56159 6.87303 -10.15206 4.85992 -13.50456 12.22358 4.93416 -16.15334 14.52303 5.25164 -16.30181 14.35785 5.20927 -13.65303 12.05840 4.89180 -13.52367 12.15587 5.26510 -16.17245 14.45532 5.58258 -16.32093 14.29014 5.54021 -13.67214 11.99069 5.22273 15.84746 -13.17933 4.18725 12.18420 -12.28676 5.84078 12.13165 -12.50980 5.84475 15.79491 -13.40237 4.19122 15.92611 -13.19461 4.36974 12.26285 -12.30204 6.02327 12.21030 -12.52508 6.02724 15.87356 -13.41765 4.37371 -2.54756 -6.20789 5.54691 -4.44216 -1.87852 6.45127 -4.60066 -1.94130 6.41972 -2.70606 -6.27066 5.51537 -2.57272 -6.27192 5.80075 -4.46732 -1.94255 6.70510 -4.62582 -2.00533 6.67356 -2.73122 -6.33469 5.76920 2.20896 6.54013 4.22454 1.03214 10.21905 5.54588 0.76308 10.10987 5.61024 1.93990 6.43095 4.28890 2.28961 6.48090 4.46127 1.11279 10.15983 5.78261 0.84374 10.05065 5.84697 2.02055 6.37172 4.52563 15.44828 -2.67549 4.89532 17.93338 -2.01604 4.87656 17.85783 -1.73260 4.83228 15.37273 -2.39205 4.85104 15.44027 -2.63810 5.14833 17.92537 -1.97865 5.12957 17.84982 -1.69521 5.08529 15.36472 -2.35466 5.10405 -7.38077 -8.04170 5.16652 -5.41292 -7.53604 4.59089 -5.45343 -7.32140 4.64095 -7.42128 -7.82705 5.21658 -7.32871 -8.06799 5.32140 -5.36086 -7.56233 4.74578 -5.40137 -7.34769 4.79583 -7.36922 -7.85335 5.37146 9.13896 12.47518 5.85128 10.95101 14.02386 5.11962 10.77909 14.25616 5.18554 8.96704 12.70748 5.91720 9.20749 12.47677 6.02438 11.01954 14.02545 5.29272 10.84763 14.25775 5.35864 9.03558 12.70907 6.09030 -2.43732 6.59858 3.24000 0.84230 8.89431 3.24000 -0.56268 10.90142 3.24000 -3.84230 8.60569 3.24000 -2.43732 6.59858 3.48000 0.84230 8.89431 3.48000 -0.56268 10.90142 3.48000 -3.84230 8.60569 3.48000 2.14810 9.36643 3.24000 6.05536 9.69203 3.24000 5.85190 12.13357 3.24000 1.94464 11.80797 3.24000 2.14810 9.36643 3.48000 6.05536 9.69203 3.48000 5.85190 12.13357 3.48000 1.94464 11.80797 3.48000 6.98354 9.38666 3.24000 9.40313 7.26952 3.24000 11.01646 9.11334 3.24000 8.59687 11.23048 3.24000 6.98354 9.38666 3.48000 9.40313 7.26952 3.48000 11.01646 9.11334 3.48000 8.59687 11.23048 3.48000 9.45414 7.03802 3.24000 8.30703 4.45702 3.24000 10.54586 3.46198 3.24000 11.69297 6.04298 3.24000 9.45414 7.03802 3.48000 8.30703 4.45702 3.48000 10.54586 3.46198 3.48000 11.69297 6.04298 3.48000 7.64765 3.87992 3.24000 2.16274 2.27102 3.24000 2.85235 -0.07992 3.24000 8.33726 1.52898 3.24000 7.64765 3.87992 3.48000 2.16274 2.27102 3.48000 2.85235 -0.07992 3.48000 8.33726 1.52898 3.48000 1.71960 2.39841 3.24000 -2.38681 7.02745 3.24000 -4.21960 5.40159 3.24000 -0.11319 0.77255 3.24000 1.71960 2.39841 3.48000 -2.38681 7.02745 3.48000 -4.21960 5.40159 3.48000 -0.11319 0.77255 3.48000 1.51188 -0.81338 3.24000 4.40742 -3.25850 3.24000 5.98812 -1.38662 3.24000 3.09258 1.05850 3.24000 1.51188 -0.81338 3.48000 4.40742 -3.25850 3.48000 5.98812 -1.38662 3.48000 3.09258 1.05850 3.48000 6.39131 -4.56525 3.24000 9.51301 -6.12610 3.24000 10.60869 -3.93475 3.24000 7.48699 -2.37390 3.24000 6.39131 -4.56525 3.48000 9.51301 -6.12610 3.48000 10.60869 -3.93475 3.48000 7.48699 -2.37390 3.48000 11.27011 -7.09065 3.24000 14.46938 -9.01021 3.24000 15.72989 -6.90935 3.24000 12.53062 -4.98979 3.24000 11.27011 -7.09065 3.48000 14.46938 -9.01021 3.48000 15.72989 -6.90935 3.48000 12.53062 -4.98979 3.48000 10.96098 5.88705 3.24000 14.40006 2.79188 3.24000 16.03902 4.61295 3.24000 12.59994 7.70812 3.24000 10.96098 5.88705 3.48000 14.40006 2.79188 3.48000 16.03902 4.61295 3.48000 12.59994 7.70812 3.48000 -14.13379 -13.36118 3.24000 -9.21269 -14.06420 3.24000 -8.86621 -11.63882 3.24000 -13.78731 -10.93580 3.24000 -14.13379 -13.36118 3.48000 -9.21269 -14.06420 3.48000 -8.86621 -11.63882 3.48000 -13.78731 -10.93580 3.48000 -6.49162 -13.57263 3.24000 -2.83520 -11.57822 3.24000 -4.00838 -9.42737 3.24000 -7.66480 -11.42178 3.24000 -6.49162 -13.57263 3.48000 -2.83520 -11.57822 3.48000 -4.00838 -9.42737 3.48000 -7.66480 -11.42178 3.48000 -0.89133 -10.12374 3.24000 1.62374 -7.60867 3.24000 -0.10867 -5.87626 3.24000 -2.62374 -8.39133 3.24000 -0.89133 -10.12374 3.48000 1.62374 -7.60867 3.48000 -0.10867 -5.87626 3.48000 -2.62374 -8.39133 3.48000 2.10874 -7.49418 3.24000 4.61650 -8.33010 3.24000 5.39126 -6.00582 3.24000 2.88350 -5.16990 3.24000 2.10874 -7.49418 3.48000 4.61650 -8.33010 3.48000 5.39126 -6.00582 3.48000 2.88350 -5.16990 3.48000 -0.98658 -9.44082 3.24000 2.28406 -0.61010 3.24000 -0.01342 0.24082 3.24000 -3.28406 -8.58990 3.24000 -0.98658 -9.44082 3.48000 2.28406 -0.61010 3.48000 -0.01342 0.24082 3.48000 -3.28406 -8.58990 3.48000 6.92290 -8.82340 3.24000 14.83332 -9.61444 3.24000 15.07710 -7.17660 3.24000 7.16668 -6.38556 3.24000 6.92290 -8.82340 3.48000 14.83332 -9.61444 3.48000 15.07710 -7.17660 3.48000 7.16668 -6.38556 3.48000 6.10500 -9.11000 3.24000 10.42500 -12.35000 3.24000 11.89500 -10.39000 3.24000 7.57500 -7.15000 3.24000 6.10500 -9.11000 3.48000 10.42500 -12.35000 3.48000 11.89500 -10.39000 3.48000 7.57500 -7.15000 3.48000 -0.25000 9.25000 3.24000 2.25000 9.25000 3.24000 2.25000 11.75000 3.24000 -0.25000 11.75000 3.24000 -0.25000 9.25000 3.48000 2.25000 9.25000 3.48000 2.25000 11.75000 3.48000 -0.25000 11.75000 3.48000 5.75000 9.75000 3.24000 8.25000 9.75000 3.24000 8.25000 12.25000 3.24000 5.75000 12.25000 3.24000 5.75000 9.75000 3.48000 8.25000 9.75000 3.48000 8.25000 12.25000 3.48000 5.75000 12.25000 3.48000 9.75000 6.25000 3.24000 12.25000 6.25000 3.24000 12.25000 8.75000 3.24000 9.75000 8.75000 3.24000 9.75000 6.25000 3.48000 12.25000 6.25000 3.48000 12.25000 8.75000 3.48000 9.75000 8.75000 3.48000 7.75000 1.75000 3.24000 10.25000 1.75000 3.24000 10.25000 4.25000 3.24000 7.75000 4.25000 3.24000 7.75000 1.75000 3.48000 10.25000 1.75000 3.48000 10.25000 4.25000 3.48000 7.75000 4.25000 3.48000 4.75000 -4.25000 3.24000 7.25000 -4.25000 3.24000 7.25000 -1.75000 3.24000 4.75000 -1.75000 3.24000 4.75000 -4.25000 3.48000 7.25000 -4.25000 3.48000 7.25000 -1.75000 3.48000 4.75000 -1.75000 3.48000 9.75000 -6.75000 3.24000 12.25000 -6.75000 3.24000 12.25000 -4.25000 3.24000 9.75000 -4.25000 3.24000 9.75000 -6.75000 3.48000 12.25000 -6.75000 3.48000 12.25000 -4.25000 3.48000 9.75000 -4.25000 3.48000 14.75000 1.75000 3.24000 17.25000 1.75000 3.24000 17.25000 4.25000 3.24000 14.75000 4.25000 3.24000 14.75000 1.75000 3.48000 17.25000 1.75000 3.48000 17.25000 4.25000 3.48000 14.75000 4.25000 3.48000 10.75000 -13.25000 3.24000 13.25000 -13.25000 3.24000 13.25000 -10.75000 3.24000 10.75000 -10.75000 3.24000 10.75000 -13.25000 3.48000 13.25000 -13.25000 3.48000 13.25000 -10.75000 3.48000 10.75000 -10.75000 3.48000 -9.25000 -14.25000 3.24000 -6.75000 -14.25000 3.24000 -6.75000 -11.75000 3.24000 -9.25000 -11.75000 3.24000 -9.25000 -14.25000 3.48000 -6.75000 -14.25000 3.48000 -6.75000 -11.75000 3.48000 -9.25000 -11.75000 3.48000 0.25000 -7.25000 3.24000 2.75000 -7.25000 3.24000 2.75000 -4.75000 3.24000 0.25000 -4.75000 3.24000 0.25000 -7.25000 3.48000 2.75000 -7.25000 3.48000 2.75000 -4.75000 3.48000 0.25000 -4.75000 3.48000 -5.46000 5.65000 3.34000 -5.24000 5.65000 3.34000 -5.24000 8.35000 3.34000 -5.46000 8.35000 3.34000 -5.46000 5.65000 3.76000 -5.24000 5.65000 3.76000 -5.24000 8.35000 3.76000 -5.46000 8.35000 3.76000 -2.76000 5.65000 3.34000 -2.54000 5.65000 3.34000 -2.54000 8.35000 3.34000 -2.76000 8.35000 3.34000 -2.76000 5.65000 3.76000 -2.54000 5.65000 3.76000 -2.54000 8.35000 3.76000 -2.76000 8.35000 3.76000 -5.35000 8.24000 3.34000 -2.65000 8.24000 3.34000 -2.65000 8.46000 3.34000 -5.35000 8.46000 3.34000 -5.35000 8.24000 3.76000 -2.65000 8.24000 3.76000 -2.65000 8.46000 3.76000 -5.35000 8.46000 3.76000 0.04000 -0.55000 3.34000 0.26000 -0.55000 3.34000 0.26000 2.15000 3.34000 0.04000 2.15000 3.34000 0.04000 -0.55000 3.76000 0.26000 -0.55000 3.76000 0.26000 2.15000 3.76000 0.04000 2.15000 3.76000 2.74000 -0.55000 3.34000 2.96000 -0.55000 3.34000 2.96000 2.15000 3.34000 2.74000 2.15000 3.34000 2.74000 -0.55000 3.76000 2.96000 -0.55000 3.76000 2.96000 2.15000 3.76000 2.74000 2.15000 3.76000 0.15000 2.04000 3.34000 2.85000 2.04000 3.34000 2.85000 2.26000 3.34000 0.15000 2.26000 3.34000 0.15000 2.04000 3.76000 2.85000 2.04000 3.76000 2.85000 2.26000 3.76000 0.15000 2.26000 3.76000 14.54000 -9.85000 3.34000 14.76000 -9.85000 3.34000 14.76000 -7.15000 3.34000 14.54000 -7.15000 3.34000 14.54000 -9.85000 3.76000 14.76000 -9.85000 3.76000 14.76000 -7.15000 3.76000 14.54000 -7.15000 3.76000 17.24000 -9.85000 3.34000 17.46000 -9.85000 3.34000 17.46000 -7.15000 3.34000 17.24000 -7.15000 3.34000 17.24000 -9.85000 3.76000 17.46000 -9.85000 3.76000 17.46000 -7.15000 3.76000 17.24000 -7.15000 3.76000 14.65000 -7.26000 3.34000 17.35000 -7.26000 3.34000 17.35000 -7.04000 3.34000 14.65000 -7.04000 3.34000 14.65000 -7.26000 3.76000 17.35000 -7.26000 3.76000 17.35000 -7.04000 3.76000 14.65000 -7.04000 3.76000 -16.46000 -13.35000 3.34000 -16.24000 -13.35000 3.34000 -16.24000 -10.65000 3.34000 -16.46000 -10.65000 3.34000 -16.46000 -13.35000 3.76000 -16.24000 -13.35000 3.76000 -16.24000 -10.65000 3.76000 -16.46000 -10.65000 3.76000 -13.76000 -13.35000 3.34000 -13.54000 -13.35000 3.34000 -13.54000 -10.65000 3.34000 -13.76000 -10.65000 3.34000 -13.76000 -13.35000 3.76000 -13.54000 -13.35000 3.76000 -13.54000 -10.65000 3.76000 -13.76000 -10.65000 3.76000 -16.35000 -10.76000 3.34000 -13.65000 -10.76000 3.34000 -13.65000 -10.54000 3.34000 -16.35000 -10.54000 3.34000 -16.35000 -10.76000 3.76000 -13.65000 -10.76000 3.76000 -13.65000 -10.54000 3.76000 -16.35000 -10.54000 3.76000 -3.96000 -11.35000 3.34000 -3.74000 -11.35000 3.34000 -3.74000 -8.65000 3.34000 -3.96000 -8.65000 3.34000 -3.96000 -11.35000 3.76000 -3.74000 -11.35000 3.76000 -3.74000 -8.65000 3.76000 -3.96000 -8.65000 3.76000 -1.26000 -11.35000 3.34000 -1.04000 -11.35000 3.34000 -1.04000 -8.65000 3.34000 -1.26000 -8.65000 3.34000 -1.26000 -11.35000 3.76000 -1.04000 -11.35000 3.76000 -1.04000 -8.65000 3.76000 -1.26000 -8.65000 3.76000 -3.85000 -8.76000 3.34000 -1.15000 -8.76000 3.34000 -1.15000 -8.54000 3.34000 -3.85000 -8.54000 3.34000 -3.85000 -8.76000 3.76000 -1.15000 -8.76000 3.76000 -1.15000 -8.54000 3.76000 -3.85000 -8.54000 3.76000 4.54000 -8.85000 3.34000 4.76000 -8.85000 3.34000 4.76000 -6.15000 3.34000 4.54000 -6.15000 3.34000 4.54000 -8.85000 3.76000 4.76000 -8.85000 3.76000 4.76000 -6.15000 3.76000 4.54000 -6.15000 3.76000 7.24000 -8.85000 3.34000 7.46000 -8.85000 3.34000 7.46000 -6.15000 3.34000 7.24000 -6.15000 3.34000 7.24000 -8.85000 3.76000 7.46000 -8.85000 3.76000 7.46000 -6.15000 3.76000 7.24000 -6.15000 3.76000 4.65000 -6.26000 3.34000 7.35000 -6.26000 3.34000 7.35000 -6.04000 3.34000 4.65000 -6.04000 3.34000 4.65000 -6.26000 3.76000 7.35000 -6.26000 3.76000 7.35000 -6.04000 3.76000 4.65000 -6.04000 3.76000 1.57803 6.53780 0.00000 2.03818 6.53780 0.00000 2.03818 7.29955 0.00000 1.57803 7.29955 0.00000 1.57803 6.53780 3.79720 2.03818 6.53780 3.79720 2.03818 7.29955 3.79720 1.57803 7.29955 3.79720 -14.96122 5.32548 0.00000 -14.35210 5.32548 0.00000 -14.35210 5.80986 0.00000 -14.96122 5.80986 0.00000 -14.96122 5.32548 2.49460 -14.35210 5.32548 2.49460 -14.35210 5.80986 2.49460 -14.96122 5.80986 2.49460 -4.01945 -2.60213 0.00000 -3.19183 -2.60213 0.00000 -3.19183 -2.00449 0.00000 -4.01945 -2.00449 0.00000 -4.01945 -2.60213 3.90427 -3.19183 -2.60213 3.90427 -3.19183 -2.00449 3.90427 -4.01945 -2.00449 3.90427 14.13557 -11.53307 0.00000 14.82028 -11.53307 0.00000 14.82028 -10.64272 0.00000 14.13557 -10.64272 0.00000 14.13557 -11.53307 3.19086 14.82028 -11.53307 3.19086 14.82028 -10.64272 3.19086 14.13557 -10.64272 3.19086 -2.89557 1.84295 0.00000 -2.41810 1.84295 0.00000 -2.41810 2.43766 0.00000 -2.89557 2.43766 0.00000 -2.89557 1.84295 3.72226 -2.41810 1.84295 3.72226 -2.41810 2.43766 3.72226 -2.89557 2.43766 3.72226 -18.11396 -5.81412 0.00000 -17.56852 -5.81412 0.00000 -17.56852 -4.95967 0.00000 -18.11396 -4.95967 0.00000 -18.11396 -5.81412 2.50608 -17.56852 -5.81412 2.50608 -17.56852 -4.95967 2.50608 -18.11396 -4.95967 2.50608 -6.60179 1.25653 0.00000 -6.01110 1.25653 0.00000 -6.01110 1.94644 0.00000 -6.60179 1.94644 0.00000 -6.60179 1.25653 2.43445 -6.01110 1.25653 2.43445 -6.01110 1.94644 2.43445 -6.60179 1.94644 2.43445 -0.38122 -13.03176 0.00000 0.30406 -13.03176 0.00000 0.30406 -12.39816 0.00000 -0.38122 -12.39816 0.00000 -0.38122 -13.03176 3.79589 0.30406 -13.03176 3.79589 0.30406 -12.39816 3.79589 -0.38122 -12.39816 3.79589 17.90577 2.80244 0.00000 18.57470 2.80244 0.00000 18.57470 3.26010 0.00000 17.90577 3.26010 0.00000 17.90577 2.80244 3.94869 18.57470 2.80244 3.94869 18.57470 3.26010 3.94869 17.90577 3.26010 3.94869 -12.18187 9.69667 0.00000 -11.56686 9.69667 0.00000 -11.56686 10.44392 0.00000 -12.18187 10.44392 0.00000 -12.18187 9.69667 3.28610 -11.56686 9.69667 3.28610 -11.56686 10.44392 3.28610 -12.18187 10.44392 3.28610 -7.33177 7.02834 0.00000 -6.70185 7.02834 0.00000 -6.70185 7.84387 0.00000 -7.33177 7.84387 0.00000 -7.33177 7.02834 2.57919 -6.70185 7.02834 2.57919 -6.70185 7.84387 2.57919 -7.33177 7.84387 2.57919 4.14692 8.14478 0.00000 4.61739 8.14478 0.00000 4.61739 8.78574 0.00000 4.14692 8.78574 0.00000 4.14692 8.14478 3.50720 4.61739 8.14478 3.50720 4.61739 8.78574 3.50720 4.14692 8.78574 3.50720 14.99995 10.26046 0.00000 15.72302 10.26046 0.00000 15.72302 10.99022 0.00000 14.99995 10.99022 0.00000 14.99995 10.26046 2.57559 15.72302 10.26046 2.57559 15.72302 10.99022 2.57559 14.99995 10.99022 2.57559 3.39676 4.16334 0.00000 3.98938 4.16334 0.00000 3.98938 5.02320 0.00000 3.39676 5.02320 0.00000 3.39676 4.16334 2.72626 3.98938 4.16334 2.72626 3.98938 5.02320 2.72626 3.39676 5.02320 2.72626 -10.56835 8.72513 0.00000 -9.90951 8.72513 0.00000 -9.90951 9.31503 0.00000 -10.56835 9.31503 0.00000 -10.56835 8.72513 2.80658 -9.90951 8.72513 2.80658 -9.90951 9.31503 2.80658 -10.56835 9.31503 2.80658 -15.63033 6.93035 0.00000 -15.05960 6.93035 0.00000 -15.05960 7.75283 0.00000 -15.63033 7.75283 0.00000 -15.63033 6.93035 3.18227 -15.05960 6.93035 3.18227 -15.05960 7.75283 3.18227 -15.63033 7.75283 3.18227 -11.88772 9.61548 0.00000 -11.28412 9.61548 0.00000 -11.28412 10.35121 0.00000 -11.88772 10.35121 0.00000 -11.88772 9.61548 2.88438 -11.28412 9.61548 2.88438 -11.28412 10.35121 2.88438 -11.88772 10.35121 2.88438 -16.59434 -5.63966 0.00000 -16.00771 -5.63966 0.00000 -16.00771 -4.94595 0.00000 -16.59434 -4.94595 0.00000 -16.59434 -5.63966 3.30470 -16.00771 -5.63966 3.30470 -16.00771 -4.94595 3.30470 -16.59434 -4.94595 3.30470 -15.80479 -9.74438 0.00000 -15.29446 -9.74438 0.00000 -15.29446 -9.24149 0.00000 -15.80479 -9.24149 0.00000 -15.80479 -9.74438 3.62841 -15.29446 -9.74438 3.62841 -15.29446 -9.24149 3.62841 -15.80479 -9.24149 3.62841 -12.34409 -4.59076 0.00000 -11.61756 -4.59076 0.00000 -11.61756 -4.05316 0.00000 -12.34409 -4.05316 0.00000 -12.34409 -4.59076 3.95757 -11.61756 -4.59076 3.95757 -11.61756 -4.05316 3.95757 -12.34409 -4.05316 3.95757 13.14308 10.27170 0.00000 13.79738 10.27170 0.00000 13.79738 10.84481 0.00000 13.14308 10.84481 0.00000 13.14308 10.27170 3.20367 13.79738 10.27170 3.20367 13.79738 10.84481 3.20367 13.14308 10.84481 3.20367 16.66818 12.66020 0.00000 17.12560 12.66020 0.00000 17.12560 13.30021 0.00000 16.66818 13.30021 0.00000 16.66818 12.66020 3.85997 17.12560 12.66020 3.85997 17.12560 13.30021 3.85997 16.66818 13.30021 3.85997 17.33699 -8.25658 0.11666 18.77899 -7.75282 -0.04257 18.58716 -7.22379 -0.10610 17.14516 -7.72754 0.05313 17.39104 -8.13015 1.00616 18.83304 -7.62640 0.84693 18.64122 -7.09737 0.78339 17.19921 -7.60112 0.94262 -1.84046 -2.75603 0.03133 -2.20649 -2.08930 -0.02159 -3.26174 -2.66932 -0.03020 -2.89570 -3.33605 0.02272 -1.85893 -2.72931 0.49570 -2.22497 -2.06258 0.44277 -3.28021 -2.64261 0.43416 -2.91418 -3.30933 0.48709 -2.95484 -3.08512 -0.07181 -4.45709 -2.91015 -0.06972 -4.57252 -3.90291 0.07580 -3.07026 -4.07787 0.07372 -2.94793 -3.03034 0.30732 -4.45019 -2.85538 0.30941 -4.56561 -3.84813 0.45493 -3.06336 -4.02310 0.45285 -3.82210 -9.97800 0.02926 -3.48316 -9.03196 -0.06567 -4.22136 -8.76334 -0.02439 -4.56029 -9.70938 0.07054 -3.75401 -9.91884 0.86190 -3.41507 -8.97280 0.76697 -4.15327 -8.70419 0.80826 -4.49220 -9.65022 0.90319 8.29759 -14.16056 -0.02839 9.40695 -13.85883 -0.14374 9.11770 -12.72407 0.04272 8.00834 -13.02580 0.15807 8.40940 -14.26420 0.77580 9.51876 -13.96247 0.66045 9.22950 -12.82771 0.84691 8.12015 -13.12944 0.96226 -14.12985 -2.00344 -0.07323 -14.90824 -1.76226 0.00799 -15.07863 -2.33799 0.08466 -14.30024 -2.57917 0.00345 -14.01426 -1.92222 0.79348 -14.79265 -1.68104 0.87469 -14.96304 -2.25677 0.95137 -14.18465 -2.49795 0.87016 -3.11976 -2.97734 0.04885 -2.10224 -2.66022 -0.02392 -2.27881 -2.09900 -0.04712 -3.29633 -2.41612 0.02565 -3.09006 -2.94499 0.60516 -2.07254 -2.62787 0.53240 -2.24911 -2.06665 0.50919 -3.26663 -2.38377 0.58196 -9.84245 10.91811 -0.10515 -10.44816 11.16692 0.00868 -10.76636 10.34341 0.11546 -10.16065 10.09460 0.00163 -9.74756 10.94056 0.35074 -10.35327 11.18936 0.46457 -10.67147 10.36585 0.57135 -10.06576 10.11705 0.45752 -12.07403 -9.44238 0.00308 -12.51342 -8.58261 -0.02662 -13.22666 -8.94629 -0.00277 -12.78727 -9.80606 0.02692 -12.06989 -9.42887 0.33292 -12.50928 -8.56910 0.30323 -13.22252 -8.93278 0.32707 -12.78313 -9.79255 0.35676 5.79496 -13.61470 0.10467 5.96382 -12.79763 -0.04629 5.23761 -12.65546 -0.08914 5.06874 -13.47253 0.06182 5.77602 -13.45131 0.96781 5.94489 -12.63424 0.81685 5.21867 -12.49207 0.77401 5.04981 -13.30914 0.92497 4.45350 -13.09869 -0.08530 4.18203 -11.91746 0.13341 3.32369 -12.10676 0.09038 3.59517 -13.28799 -0.12833 4.45092 -13.15329 0.20639 4.17945 -11.97206 0.42510 3.32111 -12.16136 0.38207 3.59258 -13.34259 0.16336 13.22494 13.00240 -0.00467 13.20822 13.45094 -0.04397 12.80575 13.44201 0.02540 12.82247 12.99347 0.06470 13.41333 13.10637 1.10170 13.39661 13.55491 1.06240 12.99414 13.54598 1.13177 13.01086 13.09744 1.17108 -5.80610 -5.73123 0.03219 -6.26077 -4.88344 -0.10723 -6.92425 -5.22405 -0.01468 -6.46958 -6.07183 0.12474 -5.76491 -5.55228 0.98605 -6.21958 -4.70449 0.84663 -6.88306 -5.04510 0.93918 -6.42840 -5.89288 1.07860 -5.10107 -8.88297 -0.01315 -4.96083 -7.98141 -0.06170 -6.21099 -7.78271 0.01681 -6.35124 -8.68427 0.06536 -5.02488 -8.83590 1.08099 -4.88464 -7.93433 1.03243 -6.13480 -7.73563 1.11094 -6.27505 -8.63720 1.15949 7.51075 12.38750 -0.11664 7.80785 13.89428 0.08873 6.97387 14.05450 0.11965 6.67678 12.54772 -0.08573 7.51404 12.34412 0.19687 7.81113 13.85090 0.40225 6.97716 14.01112 0.43316 6.68006 12.50434 0.22778 15.10612 13.41629 0.02205 15.50556 13.61491 0.00789 15.10029 14.42786 -0.02091 14.70086 14.22924 -0.00675 15.12230 13.46443 1.15337 15.52173 13.66305 1.13921 15.11647 14.47600 1.11041 14.71703 14.27738 1.12457 -16.10023 -1.78613 -0.05360 -15.05218 -1.39143 -0.03835 -15.28952 -0.76517 0.06418 -16.33758 -1.15986 0.04892 -16.06313 -1.91945 0.84669 -15.01507 -1.52476 0.86195 -15.25241 -0.89849 0.96447 -16.30047 -1.29318 0.94921 1.21193 12.48332 -0.10291 2.02579 13.55905 0.03337 1.02574 14.30666 0.10429 0.21189 13.23093 -0.03200 1.20882 12.45976 0.10161 2.02268 13.53549 0.23790 1.02263 14.28310 0.30881 0.20878 13.20737 0.17252 9.41353 -13.83870 0.01885 9.47591 -12.99626 -0.02929 9.17697 -12.97345 -0.01744 9.11459 -13.81589 0.03070 9.43908 -13.80723 0.60267 9.50146 -12.96479 0.55453 9.20253 -12.94198 0.56639 9.14015 -13.78442 0.61453 5.72369 -13.28427 -0.01619 5.23283 -13.10517 0.05666 5.05242 -13.58799 0.02808 5.54328 -13.76709 -0.04477 5.84167 -13.39094 1.04097 5.35082 -13.21183 1.11382 5.17040 -13.69465 1.08524 5.66126 -13.87375 1.01239 -18.73597 -8.02579 -0.08122 -17.71144 -7.43696 0.04526 -18.29091 -6.43746 0.08597 -19.31544 -7.02630 -0.04051 -18.79210 -8.08880 0.66676 -17.76756 -7.49996 0.79323 -18.34703 -6.50047 0.83394 -19.37157 -7.08931 0.70747 -5.16629 4.59217 -0.00955 -5.03122 5.74400 -0.04100 -5.54087 5.80534 0.01672 -5.67594 4.65351 0.04816 -5.04299 4.60700 1.06359 -4.90791 5.75883 1.03215 -5.41756 5.82017 1.08986 -5.55263 4.66834 1.12130 1.00547 12.31346 -0.01474 1.16891 12.74579 -0.07748 0.27869 13.09695 0.02315 0.11525 12.66462 0.08589 1.08945 12.36396 0.55197 1.25289 12.79628 0.48923 0.36267 13.14744 0.58987 0.19923 12.71512 0.65261 -18.52295 -2.28828 -0.01910 -18.50606 -1.42183 -0.01500 -19.23675 -1.40776 0.02031 -19.25364 -2.27420 0.01621 -18.47331 -2.29411 1.01050 -18.45642 -1.42767 1.01460 -19.18711 -1.41359 1.04991 -19.20400 -2.28004 1.04581 -7.11321 9.29911 -0.03441 -8.06164 9.83471 -0.09509 -8.53218 9.01741 0.04552 -7.58375 8.48181 0.10620 -7.09123 9.43752 0.84363 -8.03966 9.97311 0.78295 -8.51020 9.15582 0.92357 -7.56177 8.62022 0.98425 4.26680 -13.26171 0.02006 3.43621 -12.63183 -0.00677 3.15356 -13.00510 -0.01993 3.98416 -13.63498 0.00691 4.25960 -13.26302 0.21199 3.42901 -12.63314 0.18515 3.14637 -13.00642 0.17200 3.97696 -13.63630 0.19883 12.66467 11.32272 0.09020 11.83619 11.59789 0.05917 11.57097 10.78343 -0.08231 12.39945 10.50826 -0.05129 12.61702 11.24185 0.64507 11.78854 11.51701 0.61405 11.52333 10.70255 0.47256 12.35181 10.42738 0.50359 5.09383 -11.31498 0.03346 4.83273 -10.97734 0.07252 4.23918 -11.42453 -0.02959 4.50028 -11.76217 -0.06865 5.07866 -11.35942 0.31623 4.81756 -11.02178 0.35529 4.22401 -11.46896 0.25318 4.48512 -11.80661 0.21412 -2.91311 -11.87880 -0.00358 -3.36428 -11.27513 -0.02526 -4.07431 -11.80474 0.00402 -3.62314 -12.40841 0.02570 -2.90890 -11.85935 0.45040 -3.36007 -11.25568 0.42873 -4.07009 -11.78529 0.45801 -3.61893 -12.38896 0.47969 -16.27856 -6.52805 0.07814 -16.89317 -5.61139 0.08830 -17.94745 -6.31650 -0.07280 -17.33284 -7.23316 -0.08295 -16.34504 -6.57995 0.74043 -16.95965 -5.66330 0.75058 -18.01393 -6.36841 0.58948 -17.39932 -7.28506 0.57933 -8.06553 -9.98374 -0.00682 -8.70943 -9.29627 0.05789 -9.11149 -9.66861 0.01288 -8.46759 -10.35608 -0.05184 -8.07951 -10.09598 1.04650 -8.72342 -9.40852 1.11121 -9.12547 -9.78086 1.06620 -8.48157 -10.46833 1.00149 -5.97460 5.50901 -0.06168 -6.62711 5.95158 0.02734 -7.24192 5.03731 0.06621 -6.58940 4.59473 -0.02281 -5.90100 5.48709 0.58681 -6.55351 5.92966 0.67583 -7.16832 5.01538 0.71470 -6.51580 4.57281 0.62567 -7.73654 3.83120 0.11832 -6.70716 4.91213 -0.06790 -6.93457 5.12174 -0.10828 -7.96395 4.04081 0.07794 -7.74265 3.94228 0.72932 -6.71327 5.02321 0.54311 -6.94068 5.23282 0.50273 -7.97006 4.15188 0.68894 -5.03325 6.53748 -0.03710 -5.42774 6.66637 -0.03901 -5.77260 5.61209 0.03772 -5.37811 5.48319 0.03963 -5.02885 6.55478 0.22049 -5.42334 6.68368 0.21857 -5.76819 5.62939 0.29530 -5.37370 5.50049 0.29722 5.98381 -5.83825 0.02442 5.92949 -4.52213 -0.05895 5.34840 -4.54362 -0.01958 5.40272 -5.85974 0.06379 6.05725 -5.76399 1.14877 6.00293 -4.44788 1.06540 5.42184 -4.46936 1.10478 5.47616 -5.78548 1.18815 -7.23126 7.45695 0.04944 -7.61725 7.57010 0.03971 -7.93264 6.48676 -0.04656 -7.54665 6.37361 -0.03682 -7.27138 7.39724 0.94593 -7.65737 7.51039 0.93619 -7.97276 6.42705 0.84992 -7.58677 6.31390 0.85966 14.56218 -10.91360 -0.00870 13.74253 -10.60052 -0.06307 13.39206 -11.50486 0.01296 14.21171 -11.81793 0.06733 14.53681 -10.83222 0.84226 13.71716 -10.51915 0.78789 13.36669 -11.42348 0.86392 14.18634 -11.73656 0.91829 -10.42235 1.89545 -0.03426 -10.45223 2.34860 0.02192 -10.81240 2.32247 0.04119 -10.78252 1.86931 -0.01499 -10.37486 1.80393 0.72919 -10.40473 2.25708 0.78537 -10.76490 2.23095 0.80465 -10.73503 1.77779 0.74846 -12.47335 -4.67566 0.11694 -11.46922 -4.21931 0.04544 -11.94930 -3.18700 -0.10806 -12.95344 -3.64335 -0.03656 -12.47097 -4.55666 0.90982 -11.46684 -4.10031 0.83832 -11.94693 -3.06800 0.68482 -12.95106 -3.52435 0.75632 17.19845 -3.69089 -0.05222 16.05984 -3.46609 0.01465 15.99308 -3.81774 0.06016 17.13170 -4.04254 -0.00670 17.26465 -3.59799 0.76267 16.12603 -3.37319 0.82953 16.05927 -3.72485 0.87504 17.19789 -3.94965 0.80818 -13.80493 -5.43315 -0.08439 -15.14204 -4.88731 0.10483 -15.40235 -5.51873 0.08685 -14.06523 -6.06457 -0.10237 -13.77423 -5.45367 0.19169 -15.11135 -4.90783 0.38091 -15.37165 -5.53924 0.36293 -14.03454 -6.08509 0.17371 15.55074 2.39661 -0.08415 14.54530 3.09200 -0.01509 13.79154 1.99204 0.08676 14.79699 1.29665 0.01770 15.60280 2.41447 0.49394 14.59735 3.10985 0.56300 13.84360 2.00989 0.66484 14.84904 1.31451 0.59578 -1.36196 -3.08987 0.10374 -1.61025 -2.48916 0.00190 -2.49563 -2.87173 -0.09618 -2.24734 -3.47245 0.00566 -1.42920 -3.04466 0.53437 -1.67749 -2.44394 0.43253 -2.56287 -2.82652 0.33445 -2.31458 -3.42723 0.43629 5.71259 3.96948 0.02963 4.88024 4.38428 -0.10408 4.33325 3.31352 -0.02080 5.16560 2.89872 0.11291 5.64534 4.05768 0.72187 4.81299 4.47248 0.58816 4.26600 3.40172 0.67144 5.09835 2.98692 0.80515 1.15931 11.86694 -0.06417 1.76144 12.47161 0.07188 1.40465 12.82630 0.07458 0.80252 12.22162 -0.06148 1.06992 11.77077 0.75884 1.67205 12.37544 0.89490 1.31526 12.73013 0.89759 0.71313 12.12545 0.76154 -16.38141 -5.37423 0.03480 -15.42005 -5.32392 -0.01231 -15.44306 -4.90311 -0.03231 -16.40441 -4.95341 0.01480 -16.33167 -5.32054 1.10724 -15.37031 -5.27023 1.06013 -15.39331 -4.84941 1.04013 -16.35467 -4.89972 1.08723 7.38824 11.94940 0.00651 7.83569 12.79905 -0.07485 6.90481 13.29635 -0.00109 6.45736 12.44670 0.08027 7.47944 11.98720 0.90270 7.92690 12.83685 0.82133 6.99601 13.33414 0.89509 6.54856 12.48450 0.97646 -6.28038 -6.51201 -0.00469 -6.31263 -5.81292 -0.06391 -7.36548 -5.85519 0.01052 -7.33322 -6.55428 0.06974 -6.21608 -6.42795 0.95267 -6.24833 -5.72886 0.89346 -7.30117 -5.77113 0.96789 -7.26892 -6.47022 1.02710 16.13745 8.21336 0.08122 15.83626 9.09968 -0.02878 14.97354 8.80103 -0.07293 15.27472 7.91471 0.03706 16.05099 8.31136 1.10770 15.74980 9.19768 0.99771 14.88708 8.89904 0.95355 15.18826 8.01272 1.06355 5.73683 8.11195 0.03534 5.68159 9.14539 -0.13666 4.71374 9.11268 -0.02235 4.76898 8.07924 0.14965 5.80643 8.21884 0.65519 5.75119 9.25228 0.48319 4.78334 9.21957 0.59750 4.83858 8.18612 0.76950 -17.73814 -12.35927 -0.00627 -18.13639 -11.55757 0.05932 -18.41139 -11.69035 0.01252 -18.01314 -12.49205 -0.05307 -17.78370 -12.41727 0.42600 -18.18196 -11.61557 0.49159 -18.45695 -11.74835 0.44479 -18.05870 -12.55005 0.37920 3.97797 -10.71141 0.12206 3.58153 -10.19620 0.04914 2.84497 -10.78509 -0.10730 3.24142 -11.30031 -0.03438 3.83071 -10.72131 0.85265 3.43427 -10.20610 0.77973 2.69772 -10.79500 0.62329 3.09416 -11.31021 0.69621 -3.64625 -14.50105 0.10659 -3.67293 -13.20958 -0.05936 -4.31668 -13.22857 -0.10365 -4.29000 -14.52004 0.06230 -3.66627 -14.46600 0.38262 -3.69295 -13.17453 0.21667 -4.33671 -13.19352 0.17238 -4.31003 -14.48499 0.33833 7.20065 -12.06459 0.10028 8.18290 -11.18235 -0.02057 7.89439 -10.87130 -0.09477 6.91213 -11.75354 0.02607 7.18663 -12.01041 0.38191 8.16889 -11.12817 0.26107 7.88037 -10.81711 0.18687 6.89812 -11.69935 0.30771 -2.76595 9.14304 0.02035 -3.13019 9.40063 0.05118 -3.52316 8.85309 -0.01683 -3.15892 8.59550 -0.04765 -2.76696 9.08534 0.49068 -3.13120 9.34293 0.52150 -3.52417 8.79539 0.45350 -3.15993 8.53780 0.42267 15.39036 -1.79754 -0.05863 14.25182 -1.77325 0.14349 14.22928 -2.31745 0.08195 15.36783 -2.34174 -0.12016 15.57341 -1.92343 0.98765 14.43487 -1.89914 1.18977 14.41233 -2.44334 1.12823 15.55088 -2.46763 0.92612 3.31044 -8.31263 0.08432 4.51309 -8.22177 -0.09802 4.48268 -7.76272 -0.06981 3.28003 -7.85359 0.11253 3.47997 -8.36840 1.17470 4.68262 -8.27754 0.99236 4.65221 -7.81849 1.02057 3.44956 -7.90936 1.20291 -17.88516 1.29335 -0.01580 -18.05952 1.65600 -0.06169 -18.78693 1.31761 0.02796 -18.61258 0.95496 0.07385 -17.83530 1.43725 0.93190 -18.00966 1.79989 0.88601 -18.73707 1.46150 0.97566 -18.56271 1.09886 1.02155 10.72769 -1.83120 -0.06729 9.31247 -1.48418 -0.06015 9.08139 -2.42942 0.07706 10.49661 -2.77644 0.06992 10.76552 -1.69721 0.91947 9.35030 -1.35019 0.92661 9.11922 -2.29543 1.06381 10.53444 -2.64245 1.05668 18.23500 2.90005 0.03259 17.81242 3.66653 0.01024 17.39299 3.43407 -0.03117 17.81557 2.66760 -0.00882 18.20423 2.89328 0.38223 17.78165 3.65976 0.35988 17.36222 3.42731 0.31847 17.78480 2.66083 0.34082 -1.78741 -10.79877 0.00449 -1.35055 -10.78343 0.02845 -1.36331 -10.37539 -0.00019 -1.80016 -10.39073 -0.02415 -1.84935 -10.72476 1.08658 -1.41249 -10.70942 1.11054 -1.42525 -10.30137 1.08190 -1.86211 -10.31671 1.05794 -6.05855 -8.29537 -0.05366 -5.40295 -7.51037 0.08014 -5.81840 -7.16043 0.06269 -6.47400 -7.94542 -0.07111 -6.16727 -8.37468 0.94437 -5.51167 -7.58968 1.07817 -5.92712 -7.23974 1.06072 -6.58272 -8.02474 0.92692 15.95927 -2.85815 0.06627 16.86938 -1.74112 -0.06949 15.82339 -0.88828 -0.06443 14.91328 -2.00531 0.07133 15.98519 -2.82881 0.48141 16.89530 -1.71178 0.34565 15.84931 -0.85894 0.35071 14.93920 -1.97597 0.48647 -9.61262 9.76697 0.02665 -10.89512 10.22543 0.03666 -11.01014 9.90498 -0.02377 -9.72764 9.44653 -0.03378 -9.62234 9.73578 0.21055 -10.90484 10.19423 0.22055 -11.01986 9.87379 0.16012 -9.73736 9.41534 0.15011 7.13910 -14.69225 0.02001 7.25724 -13.37079 0.01795 6.17103 -13.27374 -0.01974 6.05289 -14.59520 -0.01768 7.12356 -14.69015 0.47346 7.24170 -13.36869 0.47139 6.15548 -13.27164 0.43370 6.03734 -14.59310 0.43577 -7.51274 -5.85489 -0.05561 -8.16849 -5.17713 -0.00072 -8.92765 -5.91640 0.05813 -8.27191 -6.59416 0.00323 -7.45038 -5.85728 0.71883 -8.10613 -5.17952 0.77372 -8.86529 -5.91880 0.83257 -8.20955 -6.59656 0.77767 -5.84251 -13.51610 0.00114 -5.34017 -13.17777 -0.02592 -5.66645 -12.69129 -0.00049 -6.16879 -13.02963 0.02657 -5.82211 -13.51980 0.33364 -5.31977 -13.18147 0.30658 -5.64605 -12.69499 0.33200 -6.14839 -13.03332 0.35907 4.71149 4.36697 0.02109 5.41074 4.75000 0.07286 5.12817 5.27739 -0.01239 4.42892 4.89435 -0.06415 4.62232 4.43387 0.73058 5.32157 4.81691 0.78234 5.03899 5.34429 0.69709 4.33974 4.96126 0.64533 11.15695 3.23417 -0.02673 11.42950 3.53763 0.03594 11.00840 3.91709 0.02974 10.73586 3.61363 -0.03292 11.12859 3.20686 0.22883 11.40114 3.51033 0.29150 10.98004 3.88979 0.28530 10.70750 3.58633 0.22264 1.94792 -12.98035 0.00737 2.29599 -11.74996 -0.10523 1.37122 -11.47890 -0.00209 1.02315 -12.70930 0.11052 2.01791 -12.95002 0.55519 2.36599 -11.71962 0.44258 1.44122 -11.44857 0.54573 1.09314 -12.67897 0.65833 -18.57676 -12.38745 0.10150 -17.73074 -12.20733 0.04313 -17.90188 -11.44791 -0.09404 -18.74791 -11.62804 -0.03568 -18.56455 -12.30902 0.52049 -17.71853 -12.12889 0.46213 -17.88968 -11.36948 0.32495 -18.73570 -11.54960 0.38332 13.34165 -10.02583 -0.12905 11.78329 -9.94722 0.05877 11.76406 -10.52588 0.14143 13.32242 -10.60449 -0.04640 13.43141 -9.92827 0.57484 11.87305 -9.84967 0.76267 11.85382 -10.42833 0.84532 13.41218 -10.50693 0.65750 17.24782 -4.59067 0.01608 17.70466 -4.09333 0.06189 16.95744 -3.39998 -0.01399 16.50060 -3.89733 -0.05979 17.20620 -4.59041 0.42839 17.66303 -4.09307 0.47420 16.91581 -3.39972 0.39832 16.45898 -3.89707 0.35252 16.14301 11.57437 -0.03730 15.09354 12.31217 0.03919 14.85345 11.97076 0.03809 15.90291 11.23297 -0.03840 16.16387 11.55829 0.40410 15.11440 12.29608 0.48059 14.87431 11.95467 0.47949 15.92377 11.21688 0.40300 7.00451 12.96719 -0.12712 6.69831 13.78986 0.01906 5.65621 13.38204 0.13133 5.96241 12.55937 -0.01485 7.03875 12.94062 0.09417 6.73255 13.76329 0.24035 5.69045 13.35547 0.35262 5.99665 12.53280 0.20644 9.09111 5.98496 -0.01216 9.18150 7.28580 0.05617 8.50993 7.33470 0.01369 8.41955 6.03385 -0.05463 9.06069 5.96313 0.44369 9.15107 7.26397 0.51201 8.47951 7.31287 0.46954 8.38913 6.01202 0.40121 3.29795 5.68199 -0.13268 3.00489 6.35189 -0.05146 1.89519 5.84333 0.13890 2.18826 5.17343 0.05768 3.36168 5.66902 0.20418 3.06861 6.33892 0.28540 1.95892 5.83037 0.47576 2.25198 5.16047 0.39454 -14.63823 2.65876 0.03043 -14.62125 3.05602 0.03202 -14.94231 3.06995 -0.02051 -14.95929 2.67270 -0.02210 -14.76042 2.66100 0.77784 -14.74344 3.05825 0.77943 -15.06451 3.07218 0.72690 -15.08149 2.67493 0.72531 3.59637 -13.38624 0.01584 3.81478 -13.03701 -0.04286 3.47270 -12.81730 -0.00851 3.25430 -13.16652 0.05019 3.67552 -13.34624 0.54830 3.89393 -12.99702 0.48961 3.55186 -12.77731 0.52395 3.33345 -13.12653 0.58265 -7.12328 -2.68037 -0.05617 -7.75422 -2.55135 0.05386 -7.88470 -3.19763 0.06348 -7.25375 -3.32665 -0.04655 -7.03796 -2.69014 0.44454 -7.66890 -2.56112 0.55458 -7.79937 -3.20740 0.56420 -7.16843 -3.33642 0.45416 14.42414 -4.44635 -0.02065 14.46621 -3.93106 -0.03525 13.64640 -3.86249 0.02237 13.60433 -4.37779 0.03697 14.46781 -4.43278 0.58449 14.50988 -3.91748 0.56989 13.69007 -3.84891 0.62751 13.64800 -4.36421 0.64211 12.68789 13.76488 0.02939 12.43291 14.21931 -0.04916 12.07248 14.02303 -0.01466 12.32745 13.56860 0.06390 12.68909 13.93597 1.01525 12.43411 14.39040 0.93669 12.07367 14.19412 0.97119 12.32865 13.73969 1.04975 -15.25233 13.38336 -0.08668 -15.65204 13.52419 -0.05417 -15.94619 12.65228 0.10649 -15.54648 12.51145 0.07397 -15.11010 13.53586 1.00136 -15.50981 13.67669 1.03388 -15.80395 12.80478 1.19453 -15.40424 12.66395 1.16202 -3.29021 -6.99057 0.02771 -2.64843 -6.19330 -0.08643 -3.66074 -5.36887 -0.01970 -4.30251 -6.16613 0.09444 -3.17296 -6.93268 1.09132 -2.53118 -6.13542 0.97719 -3.54349 -5.31098 1.04391 -4.18526 -6.10825 1.15805 14.21683 -2.20499 0.10213 13.38092 -0.98034 -0.10751 13.09698 -1.17177 -0.09356 13.93289 -2.39641 0.11608 14.18082 -2.09375 0.89557 13.34490 -0.86910 0.68593 13.06096 -1.06053 0.69988 13.89687 -2.28517 0.90952 -4.04706 -7.43066 0.03802 -3.88970 -6.73734 0.12635 -5.16892 -6.42717 -0.02934 -5.32628 -7.12050 -0.11767 -4.13175 -7.48604 0.62357 -3.97439 -6.79271 0.71189 -5.25361 -6.48255 0.55621 -5.41097 -7.17587 0.46788 3.53970 -11.19908 0.01522 4.44591 -10.97876 -0.13867 4.15185 -9.67253 -0.00026 3.24564 -9.89284 0.15364 3.68519 -11.24946 0.79980 4.59140 -11.02915 0.64591 4.29734 -9.72292 0.78433 3.39113 -9.94323 0.93822 0.30616 -12.44707 0.06923 1.16001 -11.92246 0.03174 0.50111 -10.85698 -0.06543 -0.35275 -11.38159 -0.02793 0.29715 -12.35917 1.09417 1.15101 -11.83455 1.05667 0.49211 -10.76908 0.95951 -0.36175 -11.29369 0.99700 -11.87269 -10.23962 0.02056 -12.60194 -9.78192 0.05059 -13.23382 -10.78413 -0.01900 -12.50458 -11.24183 -0.04902 -11.87385 -10.28549 0.69168 -12.60309 -9.82779 0.72171 -13.23498 -10.83000 0.65212 -12.50574 -11.28770 0.62210 -4.70686 2.80601 -0.07443 -5.27106 3.11583 -0.01785 -5.59283 2.50959 0.09332 -5.02863 2.19976 0.03675 -4.53437 2.91772 1.03397 -5.09857 3.22754 1.09055 -5.42033 2.62130 1.20172 -4.85613 2.31148 1.14515 13.73282 -13.06777 -0.06041 13.90098 -12.59862 0.00894 13.27679 -12.38323 0.06533 13.10863 -12.85238 -0.00402 13.74569 -13.12676 0.30740 13.91385 -12.65761 0.37675 13.28967 -12.44222 0.43314 13.12151 -12.91136 0.36379 3.30399 -3.43169 0.06074 3.41982 -2.64696 -0.07946 3.08194 -2.59180 -0.04989 2.96610 -3.37653 0.09031 3.36770 -3.34118 0.61997 3.48354 -2.55645 0.47976 3.14565 -2.50129 0.50933 3.02981 -3.28602 0.64954 -0.43453 -1.45369 -0.04608 -0.38245 -1.05513 0.02614 -1.01579 -0.97702 0.05177 -1.06787 -1.37559 -0.02045 -0.42851 -1.51566 0.29156 -0.37643 -1.11709 0.36378 -1.00977 -1.03898 0.38941 -1.06185 -1.43755 0.31719 16.31471 -1.68389 -0.03964 15.78491 -0.61553 -0.10155 14.73278 -1.12886 0.04380 15.26259 -2.19722 0.10572 16.35540 -1.63707 0.42020 15.82559 -0.56871 0.35829 14.77347 -1.08204 0.50365 15.30328 -2.15040 0.56556 5.60087 13.13784 0.08930 6.49802 13.89832 -0.01931 6.06770 14.39624 -0.08752 5.17055 13.63576 0.02110 5.60140 13.16362 0.27411 6.49855 13.92409 0.16550 6.06823 14.42201 0.09729 5.17108 13.66153 0.20591 -2.72425 10.48820 0.16994 -4.10462 10.50575 -0.05294 -4.10448 9.25696 -0.15214 -2.72411 9.23942 0.07073 -2.90248 10.40104 1.26691 -4.28285 10.41859 1.04403 -4.28270 9.16980 0.94483 -2.90234 9.15225 1.16771 2.50610 -13.31435 0.09685 2.58852 -12.73066 0.11641 1.29517 -12.54116 -0.08886 1.21275 -13.12485 -0.10842 2.40614 -13.32113 0.72039 2.48856 -12.73744 0.73995 1.19522 -12.54794 0.53468 1.11280 -13.13163 0.51512 12.60449 7.63861 0.01948 12.31486 8.84847 -0.11777 11.61673 8.69474 0.00043 11.90636 7.48489 0.13767 12.74167 7.78495 1.02000 12.45203 8.99480 0.88276 11.75390 8.84108 1.00095 12.04354 7.63122 1.13819 16.72341 -14.17300 -0.03665 16.73792 -13.77321 -0.02974 16.31751 -13.75926 0.04612 16.30300 -14.15905 0.03921 16.82792 -14.18685 0.54505 16.84242 -13.78706 0.55196 16.42201 -13.77311 0.62782 16.40750 -14.17290 0.62091 16.77855 -11.80067 0.04715 16.01877 -10.98607 -0.07414 15.27751 -11.67242 -0.04034 16.03729 -12.48702 0.08095 16.72652 -11.69273 1.09804 15.96674 -10.87813 0.97675 15.22548 -11.56447 1.01054 15.98526 -12.37907 1.13183 14.38738 -12.80847 -0.02090 13.99042 -12.62718 0.05524 13.67129 -13.31671 0.03324 14.06825 -13.49800 -0.04290 14.50350 -12.88753 0.77279 14.10654 -12.70624 0.84892 13.78741 -13.39578 0.82693 14.18437 -13.57707 0.75079 -4.49968 -13.77590 0.01597 -4.23903 -13.37684 0.01418 -4.51779 -13.19489 -0.01489 -4.77844 -13.59395 -0.01309 -4.51983 -13.76146 0.29956 -4.25918 -13.36240 0.29776 -4.53794 -13.18046 0.26870 -4.79859 -13.57952 0.27050 10.92544 -13.80931 -0.10421 11.98886 -13.26244 -0.01613 11.62489 -12.57604 0.11653 10.56147 -13.12291 0.02845 10.93471 -13.94201 0.60783 11.99813 -13.39513 0.69590 11.63415 -12.70874 0.82856 10.57073 -13.25561 0.74048 15.71903 11.76917 -0.01956 15.05195 12.32949 0.01012 14.31419 11.45065 0.01984 14.98127 10.89032 -0.00985 15.73294 11.76236 0.42146 15.06586 12.32269 0.45115 14.32810 11.44385 0.46086 14.99519 10.88352 0.43118 -5.66743 -3.18790 -0.04861 -5.27362 -3.01596 -0.05778 -5.70154 -2.03001 0.05160 -6.09535 -2.20195 0.06077 -5.63398 -3.23491 0.50602 -5.24017 -3.06297 0.49685 -5.66810 -2.07702 0.60622 -6.06191 -2.24896 0.61540 -16.89343 -5.57031 -0.03724 -17.41135 -5.32225 -0.05675 -17.69282 -5.90178 0.04675 -17.17491 -6.14985 0.06625 -16.86593 -5.45722 0.67086 -17.38384 -5.20915 0.65136 -17.66532 -5.78869 0.75485 -17.14741 -6.03676 0.77435 -1.23987 12.38625 0.02845 -0.25889 13.30874 -0.14802 -1.05077 14.17592 -0.01685 -2.03174 13.25343 0.15963 -1.10519 12.39169 0.80553 -0.12421 13.31418 0.62905 -0.91609 14.18135 0.76023 -1.89706 13.25886 0.93671 3.09426 7.48027 0.02646 2.36850 8.91020 -0.15146 1.47673 8.47382 -0.02100 2.20248 7.04389 0.15693 3.11934 7.53863 0.39312 2.39359 8.96856 0.21519 1.50182 8.53218 0.34566 2.22757 7.10225 0.52358 3.23994 -11.30693 -0.03104 4.26890 -10.39096 -0.08447 3.68092 -9.72349 0.03474 2.65195 -10.63946 0.08817 3.28495 -11.33529 0.34976 4.31392 -10.41932 0.29633 3.72594 -9.75185 0.41555 2.69697 -10.66782 0.46898 9.51676 -1.10497 0.02905 9.35016 -0.79166 0.04075 8.97268 -0.99015 -0.01915 9.13928 -1.30346 -0.03085 9.41308 -1.19572 0.98317 9.24648 -0.88241 0.99487 8.86900 -1.08090 0.93497 9.03560 -1.39421 0.92328 19.25539 -3.76407 -0.01977 19.14406 -2.45243 -0.04916 18.46788 -2.50818 0.02408 18.57921 -3.81982 0.05347 19.33054 -3.74177 0.69100 19.21921 -2.43012 0.66162 18.54304 -2.48588 0.73486 18.65437 -3.79752 0.76425 1.02667 -12.69593 -0.07771 2.04540 -12.42762 0.03104 1.79751 -11.50667 0.08094 0.77878 -11.77499 -0.02782 0.98517 -12.73314 0.40280 2.00390 -12.46482 0.51155 1.75601 -11.54387 0.56144 0.73728 -11.81219 0.45269 -15.72827 -5.49910 0.04039 -16.76730 -4.36584 -0.07549 -16.99759 -4.57283 -0.03491 -15.95856 -5.70610 0.08097 -15.70614 -5.42986 0.51916 -16.74518 -4.29660 0.40328 -16.97547 -4.50359 0.44386 -15.93643 -5.63685 0.55974 -2.98070 -12.14535 0.04537 -1.73375 -11.91292 -0.16055 -1.87603 -11.02196 -0.01642 -3.12297 -11.25440 0.18949 -2.77185 -12.29014 1.14664 -1.52491 -12.05771 0.94073 -1.66718 -11.16676 1.08486 -2.91413 -11.39919 1.29077 5.66919 13.37914 0.03488 5.74298 14.48596 0.01470 5.39369 14.50840 -0.03188 5.31990 13.40157 -0.01170 5.62531 13.38814 0.36821 5.69910 14.49496 0.34803 5.34982 14.51740 0.30145 5.27602 13.41058 0.32163 -6.37737 4.08594 0.02371 -5.84529 4.48334 0.04564 -6.06335 4.77887 -0.01910 -6.59543 4.38147 -0.04103 -6.41543 4.12099 0.31193 -5.88335 4.51840 0.33385 -6.10141 4.81393 0.26911 -6.63349 4.41653 0.24718 -7.71182 10.37750 0.11347 -8.17397 10.55339 0.04654 -8.56615 9.46750 -0.09921 -8.10400 9.29161 -0.03228 -7.85401 10.31804 0.93903 -8.31616 10.49394 0.87210 -8.70834 9.40805 0.72635 -8.24618 9.23215 0.79328 -4.84896 3.00350 0.11694 -4.78586 4.00480 0.00440 -5.69895 4.04998 -0.10560 -5.76205 3.04868 0.00694 -4.94435 3.10309 0.94959 -4.88124 4.10439 0.83705 -5.79433 4.14957 0.72705 -5.85744 3.14827 0.83959 0.04840 14.26787 -0.06318 -0.31551 14.42657 -0.03221 -0.66824 13.59726 0.07265 -0.30432 13.43856 0.04167 0.16215 14.34105 0.89826 -0.20176 14.49975 0.92924 -0.55448 13.67044 1.03410 -0.19057 13.51174 1.00312 -16.91195 2.23673 -0.10275 -16.90058 3.29923 0.01900 -17.66934 3.29712 0.10923 -17.68071 2.23462 -0.01252 -16.85562 2.18129 0.37588 -16.84426 3.24379 0.49763 -17.61301 3.24168 0.58786 -17.62438 2.17918 0.46611 -17.06471 -7.79656 0.11425 -16.42198 -6.36184 -0.03509 -17.39260 -5.93463 -0.10824 -18.03533 -7.36936 0.04110 -17.08618 -7.69640 0.98403 -16.44345 -6.26168 0.83469 -17.41406 -5.83448 0.76154 -18.05679 -7.26920 0.91089 3.84466 -10.99562 -0.00610 3.89089 -10.51643 0.06518 2.73231 -10.39693 0.01328 2.68608 -10.87613 -0.05799 3.80878 -11.08180 0.59659 3.85501 -10.60261 0.66786 2.69642 -10.48311 0.61596 2.65019 -10.96231 0.54469 -18.53012 -9.23160 -0.00471 -18.65202 -8.35732 0.01953 -19.16165 -8.42798 0.00546 -19.03975 -9.30226 -0.01879 -18.55318 -9.26223 0.98407 -18.67507 -8.38795 1.00831 -19.18470 -8.45861 0.99424 -19.06281 -9.33289 0.97000 -12.29473 -9.07138 -0.09085 -11.32980 -8.02766 0.12128 -11.60808 -7.76478 0.09370 -12.57301 -8.80850 -0.11844 -12.32685 -9.08370 0.11587 -11.36192 -8.03997 0.32800 -11.64020 -7.77710 0.30041 -12.60513 -8.82082 0.08828 -4.01974 -3.57856 0.17076 -5.19806 -2.78793 -0.07760 -5.46060 -3.20199 -0.15013 -4.28228 -3.99262 0.09823 -4.19840 -3.60115 0.94647 -5.37672 -2.81052 0.69811 -5.63926 -3.22458 0.62558 -4.46094 -4.01521 0.87394 -17.69579 1.03588 -0.03845 -17.92909 1.75291 0.09130 -18.22391 1.66402 0.05246 -17.99061 0.94698 -0.07730 -17.73863 0.91166 0.57098 -17.97193 1.62869 0.70073 -18.26675 1.53980 0.66189 -18.03345 0.82277 0.53214 -14.32403 -4.01378 -0.03996 -14.10878 -3.73551 -0.05967 -14.77040 -3.21627 0.04540 -14.98566 -3.49454 0.06511 -14.24674 -4.03253 0.53940 -14.03148 -3.75426 0.51969 -14.69311 -3.23502 0.62476 -14.90837 -3.51329 0.64448 -3.38787 -13.82801 -0.09887 -3.22812 -13.34630 -0.11518 -4.39527 -12.95176 0.10602 -4.55501 -13.43346 0.12234 -3.30969 -13.83928 0.33374 -3.14994 -13.35758 0.31742 -4.31709 -12.96303 0.53862 -4.47683 -13.44474 0.55494 -8.89049 -10.13943 0.15696 -9.48111 -6.77049 0.30880 -10.01273 -6.86315 0.29674 -9.42210 -10.23209 0.14490 -8.89786 -10.16382 0.66930 -9.48849 -6.79487 0.82114 -10.02010 -6.88753 0.80908 -9.42948 -10.25647 0.65724 -9.87351 -11.77644 0.02301 -10.70129 -8.57473 0.40437 -11.10530 -8.67812 0.39544 -10.27753 -11.87983 0.01409 -9.86864 -11.84891 0.64209 -10.69641 -8.64720 1.02345 -11.10043 -8.75060 1.01452 -10.27266 -11.95231 0.63317 -13.89558 4.90490 0.15001 -16.76755 5.70427 0.30695 -16.88739 5.28030 0.27340 -14.01542 4.48093 0.11646 -13.88449 4.87276 0.51663 -16.75647 5.67213 0.67357 -16.87630 5.24815 0.64002 -14.00433 4.44878 0.48308 10.99416 10.95999 0.08668 8.87144 13.59955 0.16343 8.54849 13.34130 0.11332 10.67121 10.70173 0.03657 10.94078 10.89773 0.75158 8.81806 13.53729 0.82832 8.49511 13.27904 0.77821 10.61783 10.63948 0.70147 -4.99900 2.94692 0.06073 -7.83491 6.00281 0.06222 -8.10011 5.75670 0.04249 -5.26421 2.70081 0.04101 -5.01400 2.93282 0.43834 -7.84991 5.98870 0.43983 -8.11512 5.74259 0.42010 -5.27921 2.68671 0.41862 -2.61181 -4.12068 0.08705 -4.67008 -1.86431 0.43264 -4.93898 -2.10412 0.39689 -2.88070 -4.36049 0.05131 -2.61054 -4.21505 0.71074 -4.66882 -1.95868 1.05632 -4.93771 -2.19850 1.02058 -2.87944 -4.45487 0.67500 -12.74102 6.75032 0.24515 -10.15110 9.76907 0.10421 -10.54872 10.11263 0.15606 -13.13864 7.09387 0.29699 -12.67001 6.72321 0.96942 -10.08009 9.74196 0.82849 -10.47771 10.08552 0.88033 -13.06763 7.06676 1.02127 -7.48120 4.98592 -0.16814 -6.88680 7.40781 0.19393 -7.39922 7.52781 0.23248 -7.99362 5.10592 -0.12960 -7.45533 4.87787 0.51212 -6.86092 7.29976 0.87420 -7.37335 7.41976 0.91275 -7.96775 4.99787 0.55067 -7.09034 -9.02231 0.48408 -3.40615 -6.47711 -0.17324 -3.60423 -6.19577 -0.19408 -7.28842 -8.74097 0.46324 -7.03637 -8.93762 1.11448 -3.35218 -6.39242 0.45716 -3.55026 -6.11108 0.43632 -7.23445 -8.65628 1.09364 -2.54364 -5.71252 0.23873 -5.30930 -2.87755 0.06483 -5.69936 -3.25317 0.14475 -2.93370 -6.08814 0.31865 -2.50040 -5.63506 0.81385 -5.26606 -2.80009 0.63995 -5.65612 -3.17571 0.71986 -2.89046 -6.01068 0.89376 -11.08175 -9.70650 0.32816 -10.12400 -7.64278 0.04884 -10.48722 -7.47721 0.02673 -11.44496 -9.54093 0.30605 -11.08121 -9.60280 1.09611 -10.12347 -7.53908 0.81679 -10.48669 -7.37351 0.79469 -11.44443 -9.43723 1.07401 -4.09748 -9.74399 0.48881 -5.62543 -6.91251 0.02229 -5.94621 -7.09436 -0.03079 -4.41827 -9.92584 0.43574 -4.16666 -9.72381 0.83782 -5.69460 -6.89233 0.37129 -6.01539 -7.07418 0.31822 -4.48745 -9.90566 0.78475 8.45168 6.39334 -0.09898 5.83504 7.94600 0.22256 5.67469 7.68242 0.19038 8.29132 6.12977 -0.13117 8.46532 6.34010 0.26912 5.84868 7.89275 0.59066 5.68833 7.62918 0.55848 8.30497 6.07653 0.23694 5.49369 6.90655 0.02558 2.00561 8.08504 0.16769 1.90826 7.80219 0.12380 5.39633 6.62369 -0.01831 5.48554 6.78862 0.80365 1.99747 7.96711 0.94576 1.90011 7.68425 0.90187 5.38819 6.50576 0.75976 15.65900 10.68351 0.28384 12.39316 12.92476 -0.05319 12.15620 12.58356 -0.02601 15.42204 10.34230 0.31102 15.63168 10.76869 1.11505 12.36584 13.00995 0.77802 12.12888 12.66875 0.80520 15.39472 10.42749 1.14223 3.90090 -12.36473 0.48448 0.46372 -9.75557 -0.27696 0.14982 -10.17965 -0.31314 3.58700 -12.78881 0.44830 3.79308 -12.33510 1.07273 0.35590 -9.72594 0.31129 0.04200 -10.15001 0.27511 3.47918 -12.75918 1.03655 -2.36583 -5.25783 0.04972 -3.74565 -2.35263 0.34063 -4.14012 -2.53459 0.28677 -2.76031 -5.43979 -0.00414 -2.41853 -5.35406 0.76081 -3.79834 -2.44886 1.05172 -4.19282 -2.63083 0.99786 -2.81300 -5.53602 0.70695 6.82092 -12.64362 0.31774 7.79692 -10.61731 0.13505 7.52626 -10.48743 0.12960 6.55026 -12.51375 0.31230 6.83114 -12.59953 0.86145 7.80715 -10.57321 0.67876 7.53648 -10.44334 0.67331 6.56048 -12.46965 0.85601 -7.11553 1.71993 0.32724 -8.27990 5.51356 -0.07288 -8.68980 5.38829 -0.06778 -7.52543 1.59465 0.33234 -7.12490 1.77169 0.84527 -8.28927 5.56532 0.44516 -8.69918 5.44005 0.45026 -7.53480 1.64641 0.85037 -8.80913 -9.97119 0.51684 -11.35077 -7.99034 -0.06713 -11.66803 -8.40106 -0.07952 -9.12638 -10.38192 0.50446 -8.92120 -9.90600 1.22573 -11.46284 -7.92514 0.64175 -11.78009 -8.33587 0.62937 -9.23845 -10.31672 1.21334 12.41577 8.48066 0.48219 15.20950 11.93231 0.00806 14.78760 12.27494 0.01641 11.99387 8.82329 0.49054 12.44594 8.50854 0.86290 15.23968 11.96018 0.38877 14.81777 12.30281 0.39712 12.02404 8.85117 0.87125 15.10319 6.60461 0.13097 13.93924 9.83221 0.09741 13.45007 9.65618 0.13340 14.61402 6.42858 0.16696 15.12783 6.61764 0.52976 13.96389 9.84524 0.49620 13.47472 9.66921 0.53219 14.63867 6.44161 0.56574 -5.03673 1.93814 -0.04197 -6.93889 3.12138 0.25678 -7.14996 2.78423 0.24822 -5.24780 1.60099 -0.05053 -4.99083 1.89794 0.40955 -6.89298 3.08118 0.70830 -7.10406 2.74403 0.69974 -5.20190 1.56079 0.40099 2.29748 -13.56972 0.15972 1.34622 -10.63868 -0.12160 0.86226 -10.79693 -0.13386 1.81352 -13.72796 0.14746 2.27108 -13.52887 0.67453 1.31982 -10.59784 0.39321 0.83586 -10.75609 0.38095 1.78712 -13.68712 0.66227 -8.45696 3.58647 0.28299 -6.63934 6.03086 0.13706 -7.07510 6.35490 0.13724 -8.89272 3.91051 0.28317 -8.43513 3.61540 1.03938 -6.61751 6.05979 0.89345 -7.05328 6.38383 0.89363 -8.87090 3.93944 1.03956 10.60911 9.36062 0.24593 11.33239 11.38790 0.01843 10.83816 11.56507 0.02591 10.11488 9.53778 0.25341 10.64066 9.42149 0.88872 11.36394 11.44878 0.66122 10.86970 11.62595 0.66869 10.14643 9.59866 0.89619 -7.18314 -9.47416 -0.15580 -9.39875 -7.92928 0.29315 -9.62095 -8.23954 0.26424 -7.40534 -9.78442 -0.18472 -7.12336 -9.57765 0.49531 -9.33898 -8.03276 0.94426 -9.56117 -8.34303 0.91535 -7.34556 -9.88791 0.46640 -8.04655 4.18363 0.03553 -9.19471 5.88397 0.04218 -9.61501 5.60005 0.07017 -8.46685 3.89971 0.06351 -8.02611 4.19575 0.46552 -9.17427 5.89609 0.47217 -9.59457 5.61217 0.50015 -8.44641 3.91183 0.49350 7.49532 -13.48381 0.13300 7.26974 -11.23956 0.30380 6.74256 -11.28741 0.23614 6.96815 -13.53165 0.06534 7.43978 -13.52452 0.59449 7.21420 -11.28027 0.76529 6.68703 -11.32811 0.69763 6.91261 -13.57236 0.52683 3.19023 3.72845 0.49357 5.47598 7.55189 -0.19781 5.10424 7.77615 -0.18660 2.81849 3.95271 0.50478 3.25853 3.80832 1.16106 5.54429 7.63175 0.46968 5.17255 7.85602 0.48089 2.88679 4.03258 1.17227 4.68682 5.20207 0.31455 3.47312 8.07360 -0.15551 3.06997 7.90308 -0.15622 4.28366 5.03155 0.31384 4.64377 5.30087 1.02928 3.43007 8.17240 0.55922 3.02692 8.00188 0.55850 4.24061 5.13035 1.02856 2.03333 4.09633 -0.01500 1.15893 6.17137 0.27129 0.85837 6.03836 0.31735 1.73278 3.96332 0.03106 2.10575 4.07153 0.38589 1.23134 6.14657 0.67219 0.93079 6.01356 0.71825 1.80519 3.93852 0.43196 0.48478 6.82731 0.09771 0.31201 8.88460 0.28007 -0.05929 8.85472 0.26547 0.11348 6.79743 0.08311 0.46774 6.77862 0.63089 0.29497 8.83591 0.81325 -0.07633 8.80602 0.79865 0.09644 6.74873 0.61629 4.88060 7.04237 -0.00662 6.75835 9.22123 0.17639 6.47657 9.46868 0.12154 4.59882 7.28982 -0.06147 4.82131 7.06087 0.38142 6.69907 9.23973 0.56442 6.41729 9.48718 0.50957 4.53953 7.30832 0.32657 3.19746 7.10579 0.27419 5.76034 7.91626 0.01294 5.62719 8.33720 0.01260 3.06430 7.52673 0.27384 3.26040 7.12626 0.95523 5.82329 7.93674 0.69399 5.69014 8.35768 0.69364 3.12725 7.54721 0.95489 2.70464 -9.97378 0.36626 1.97724 -7.71621 -0.06273 1.63780 -7.83132 -0.09296 2.36520 -10.08889 0.33603 2.59494 -9.85850 1.15895 1.86753 -7.60093 0.72996 1.52809 -7.71605 0.69972 2.25550 -9.97362 1.12871 2.38756 4.62432 0.00450 4.33671 5.25397 0.18086 4.18770 5.73640 0.10535 2.23855 5.10675 -0.07101 2.29489 4.70880 0.72709 4.24404 5.33845 0.90345 4.09503 5.82088 0.82793 2.14588 5.19123 0.65157 2.85849 7.07234 0.30107 -0.48232 7.74548 -0.05136 -0.56013 7.37587 -0.01967 2.78067 6.70273 0.33276 2.82716 7.11068 0.67129 -0.51365 7.78383 0.31885 -0.59146 7.41422 0.35055 2.74934 6.74107 0.70298 -15.36116 -5.86341 -0.15306 -16.94891 -1.42475 0.29864 -17.26181 -1.54155 0.34659 -15.67406 -5.98022 -0.10511 -15.25267 -5.89005 0.49004 -16.84041 -1.45138 0.94174 -17.15332 -1.56819 0.98969 -15.56557 -6.00686 0.53799 8.19309 -10.78538 0.11880 5.53161 -10.54601 0.35492 5.49638 -10.89348 0.31002 8.15785 -11.13285 0.07390 8.22548 -10.84345 0.54278 5.56401 -10.60408 0.77890 5.52877 -10.95155 0.73400 8.19024 -11.19092 0.49788 -4.45418 -4.73145 -0.18678 -5.62025 -2.25461 0.25587 -5.96300 -2.42221 0.29079 -4.79693 -4.89906 -0.15186 -4.34721 -4.80534 0.50843 -5.51328 -2.32849 0.95108 -5.85604 -2.49610 0.98601 -4.68996 -4.97294 0.54336 -1.97183 -12.65952 0.13386 1.64762 -11.50872 0.09626 1.48738 -11.00229 0.17136 -2.13207 -12.15308 0.20895 -1.93253 -12.75856 0.88570 1.68692 -11.60777 0.84811 1.52668 -11.10133 0.92320 -2.09277 -12.25213 0.96080 1.26443 11.04251 4.97968 5.91506 11.60328 6.02718 5.80574 12.39332 6.08957 1.15512 11.83255 5.04207 1.19426 11.00668 5.31043 5.84488 11.56745 6.35793 5.73557 12.35749 6.42032 1.08494 11.79672 5.37282 8.39930 4.13996 5.71225 11.66155 2.76070 5.06774 11.93981 3.45327 4.99407 8.67756 4.83252 5.63858 8.46019 4.14673 6.00593 11.72244 2.76748 5.36142 12.00070 3.46004 5.28775 8.73845 4.83930 5.93226 -5.97067 -5.33689 0.30000 -3.17067 -4.73689 0.30000 -3.22933 -4.46311 0.30000 -6.02933 -5.06311 0.30000 -5.97067 -5.33689 2.90000 -3.17067 -4.73689 2.90000 -3.22933 -4.46311 2.90000 -6.02933 -5.06311 2.90000 6.89899 3.80101 0.35000 8.79899 5.70101 0.35000 8.60101 5.89899 0.35000 6.70101 3.99899 0.35000 6.89899 3.80101 2.85000 8.79899 5.70101 2.85000 8.60101 5.89899 2.85000 6.70101 3.99899 2.85000 2.78094 4.64114 0.10000 5.28094 4.34114 0.10000 5.31906 4.65886 0.10000 2.81906 4.95886 0.10000 2.78094 4.64114 3.10000 5.28094 4.34114 3.10000 5.31906 4.65886 3.10000 2.81906 4.95886 3.10000 5.45956 4.48818 0.20000 5.65956 7.18818 0.20000 5.34044 7.21182 0.20000 5.14044 4.51182 0.20000 5.45956 4.48818 3.00000 5.65956 7.18818 3.00000 5.34044 7.21182 3.00000 5.14044 4.51182 3.00000 -18.02461 -5.13782 0.25000 -15.22461 -5.63782 0.25000 -15.17539 -5.36218 0.25000 -17.97539 -4.86218 0.25000 -18.02461 -5.13782 2.95000 -15.22461 -5.63782 2.95000 -15.17539 -5.36218 2.95000 -17.97539 -4.86218 2.95000 -12.82302 -10.13810 0.25000 -9.22302 -10.73810 0.25000 -9.17698 -10.46190 0.25000 -12.77698 -9.86190 0.25000 -12.82302 -10.13810 2.95000 -9.22302 -10.73810 2.95000 -9.17698 -10.46190 2.95000 -12.77698 -9.86190 2.95000 16.07311 -5.53828 4.17147 14.89538 -5.17784 4.61868 14.84266 -5.39467 4.65459 16.02039 -5.75511 4.20738 16.13662 -5.52747 4.33002 14.95889 -5.16703 4.77723 14.90617 -5.38386 4.81313 16.08390 -5.74430 4.36592 1.74775 7.89148 5.58963 4.47751 8.90680 5.61301 4.39879 9.11751 5.65368 1.66903 8.10219 5.63031 1.75819 7.85909 5.77762 4.48795 8.87441 5.80099 4.40923 9.08512 5.84167 1.67947 8.06980 5.81829 15.94104 -6.98958 4.59536 16.37118 -5.27907 5.16392 16.24108 -5.25318 5.18446 15.81094 -6.96370 4.61590 15.96048 -7.06843 4.81786 16.39062 -5.35791 5.38642 16.26052 -5.33202 5.40696 15.83038 -7.04254 4.83840 14.34748 -4.06927 6.22661 17.24871 -3.32395 5.14366 17.20742 -3.15962 5.14615 14.30619 -3.90494 6.22910 14.40945 -4.05635 6.40153 17.31068 -3.31103 5.31858 17.26939 -3.14670 5.32107 14.36816 -3.89202 6.40402 -7.19246 -10.14243 1.69389 -8.37885 -9.87243 1.78062 -8.39356 -9.94601 1.80836 -7.20718 -10.21601 1.72163 -7.18109 -10.11650 1.76871 -8.36747 -9.84650 1.85544 -8.38219 -9.92008 1.88318 -7.19581 -10.19008 1.79645 13.27401 12.88687 1.74604 15.33602 13.56455 1.93717 15.31227 13.64008 1.92569 13.25025 12.96239 1.73455 13.26381 12.89565 1.82490 15.32582 13.57334 2.01603 15.30207 13.64886 2.00455 13.24006 12.97118 1.81341 8.73609 -2.73184 0.88299 9.81832 -1.67368 0.99965 9.76390 -1.62082 1.02502 8.68167 -2.67897 0.90836 8.74971 -2.75410 0.95861 9.83194 -1.69595 1.07527 9.77752 -1.64308 1.10064 8.69529 -2.70124 0.98398 -10.70085 5.98713 0.98093 -9.99835 7.37219 1.66518 -10.07118 7.40200 1.67959 -10.77367 6.01694 0.99534 -10.70111 5.95180 1.05270 -9.99861 7.33686 1.73695 -10.07143 7.36667 1.75137 -10.77393 5.98161 1.06712 -7.78450 -8.40830 0.96195 -6.84609 -7.74847 0.60938 -6.87757 -7.68440 0.64549 -7.81599 -8.34423 0.99806 -7.74583 -8.42728 1.02936 -6.80742 -7.76745 0.67679 -6.83890 -7.70338 0.71290 -7.77732 -8.36321 1.06547 15.91532 10.60108 1.09758 13.53683 10.88005 0.94289 13.53104 10.80975 0.90517 15.90953 10.53077 1.05985 15.90640 10.56406 1.16793 13.52791 10.84304 1.01325 13.52212 10.77273 0.97552 15.90061 10.49375 1.13021 -11.63916 5.15255 1.13586 -9.98612 6.78052 1.48807 -10.03653 6.83721 1.46267 -11.68957 5.20924 1.11046 -11.66528 5.16287 1.21076 -10.01224 6.79084 1.56297 -10.06266 6.84753 1.53758 -11.71570 5.21956 1.18537 3.78782 6.93961 0.99475 3.68134 7.83827 1.47373 3.60574 7.84301 1.44802 3.71221 6.94435 0.96904 3.76303 6.90156 1.06061 3.65656 7.80022 1.53960 3.58095 7.80497 1.51389 3.68743 6.90631 1.03490</float_array>
          <technique_common>
            <accessor source="#positions-array" count="3080" stride="3">
              <param name="X" type="float"/><param name="Y" type="float"/><param name="Z" type="float"/>
            </accessor>
          </technique_common>
        </source>
        <vertices id="vertices"><input semantic="POSITION" source="#positions"/></vertices>
        <triangles count="4620">
          <input semantic="VERTEX" source="#vertices" offset="0"/>
          <p>0 1 2 0 2 3 4 7 6 4 6 5 0 4 5 0 5 1 1 5 6 1 6 2 2 6 7 2 7 3 3 7 4 3 4 0 8 9 10 8 10 11 12 15 14 12 14 13 8 12 13 8 13 9 9 13 14 9 14 10 10 14 15 10 15 11 11 15 12 11 12 8 16 17 18 16 18 19 20 23 22 20 22 21 16 20 21 16 21 17 17 21 22 17 22 18 18 22 23 18 23 19 19 23 20 19 20 16 24 25 26 24 26 27 28 31 30 28 30 29 24 28 29 24 29 25 25 29 30 25 30 26 26 30 31 26 31 27 27 31 28 27 28 24 32 33 34 32 34 35 36 39 38 36 38 37 32 36 37 32 37 33 33 37 38 33 38 34 34 38 39 34 39 35 35 39 36 35 36 32 40 41 42 40 42 43 44 47 46 44 46 45 40 44 45 40 45 41 41 45 46 41 46 42 42 46 47 42 47 43 43 47 44 43 44 40 48 49 50 48 50 51 52 55 54 52 54 53 48 52 53 48 53 49 49 53 54 49 54 50 50 54 55 50 55 51 51 55 52 51 52 48 56 57 58 56 58 59 60 63 62 60 62 61 56 60 61 56 61 57 57 61 62 57 62 58 58 62 63 58 63 59 59 63 60 59 60 56 64 65 66 64 66 67 68 71 70 68 70 69 64 68 69 64 69 65 65 69 70 65 70 66 66 70 71 66 71 67 67 71 68 67 68 64 72 73 74 72 74 75 76 79 78 76 78 77 72 76 77 72 77 73 73 77 78 73 78 74 74 78 79 74 79 75 75 79 76 75 76 72 80 81 82 80 82 83 84 87 86 84 86 85 80 84 85 80 85 81 81 85 86 81 86 82 82 86 87 82 87 83 83 87 84 83 84 80 88 89 90 88 90 91 92 95 94 92 94 93 88 92 93 88 93 89 89 93 94 89 94 90 90 94 95 90 95 91 91 95 92 91 92 88 96 97 98 96 98 99 100 103 102 100 102 101 96 100 101 96 101 97 97 101 102 97 102 98 98 102 103 98 103 99 99 103 100 99 100 96 104 105 106 104 106 107 108 111 110 108 110 109 104 108 109 104 109 105 105 109 110 105 110 106 106 110 111 106 111 107 107 111 108 107 108 104 112 113 114 112 114 115 116 119 118 116 118 117 112 116 117 112 117 113 113 117 118 113 118 114 114 118 119 114 119 115 115 119 116 115 116 112 120 121 122 120 122 123 124 127 126 124 126 125 120 124 125 120 125 121 121 125 126 121 126 122 122 126 127 122 127 123 123 127 124 123 124 120 128 129 130 128 130 131 132 135 134 132 134 133 128 132 133 128 133 129 129 133 134 129 134 130 130 134 135 130 135 131 131 135 132 131 132 128 136 137 138 136 138 139 140 143 142 140 142 141 136 140 141 136 141 137 137 141 142 137 142 138 138 142 143 138 143 139 139 143 140 139 140 136 144 145 146 144 146 147 148 151 150 148 150 149 144 148 149 144 149 145 145 149 150 145 150 146 146 150 151 146 151 147 147 151 148 147 148 144 152 153 154 152 154 155 156 159 158 156 158 157 152 156 157 152 157 153 153 157 158 153 158 154 154 158 159 154 159 155 155 159 156 155 156 152 160 161 162 160 162 163 164 167 166 164 166 165 160 164 165 160 165 161 161 165 166 161 166 162 162 166 167 162 167 163 163 167 164 163 164 160 168 169 170 168 170 171 172 175 174 172 174 173 168 172 173 168 173 169 169 173 174 169 174 170 170 174 175 170 175 171 171 175 172 171 172 168 176 177 178 176 178 179 180 183 182 180 182 181 176 180 181 176 181 177 177 181 182 177 182 178 178 182 183 178 183 179 179 183 180 179 180 176 184 185 186 184 186 187 188 191 190 188 190 189 184 188 189 184 189 185 185 189 190 185 190 186 186 190 191 186 191 187 187 191 188 187 188 184 192 193 194 192 194 195 196 199 198 196 198 197 192 196 197 192 197 193 193 197 198 193 198 194 194 198 199 194 199 195 195 199 196 195 196 192 200 201 202 200 202 203 204 207 206 204 206 205 200 204 205 200 205 201 201 205 206 201 206 202 202 206 207 202 207 203 203 207 204 203 204 200 208 209 210 208 210 211 212 215 214 212 214 213 208 212 213 208 213 209 209 213 214 209 214 210 210 214 215 210 215 211 211 215 212 211 212 208 216 217 218 216 218 219 220 223 222 220 222 221 216 220 221 216 221 217 217 221 222 217 222 218 218 222 223 218 223 219 219 223 220 219 220 216 224 225 226 224 226 227 228 231 230 228 230 229 224 228 229 224 229 225 225 229 230 225 230 226 226 230 231 226 231 227 227 231 228 227 228 224 232 233 234 232 234 235 236 239 238 236 238 237 232 236 237 232 237 233 233 237 238 233 238 234 234 238 239 234 239 235 235 239 236 235 236 232 240 241 242 240 242 243 244 247 246 244 246 245 240 244 245 240 245 241 241 245 246 241 246 242 242 246 247 242 247 243 243 247 244 243 244 240 248 249 250 248 250 251 252 255 254 252 254 253 248 252 253 248 253 249 249 253 254 249 254 250 250 254 255 250 255 251 251 255 252 251 252 248 256 257 258 256 258 259 260 263 262 260 262 261 256 260 261 256 261 257 257 261 262 257 262 258 258 262 263 258 263 259 259 263 260 259 260 256 264 265 266 264 266 267 268 271 270 268 270 269 264 268 269 264 269 265 265 269 270 265 270 266 266 270 271 266 271 267 267 271 268 267 268 264 272 273 274 272 274 275 276 279 278 276 278 277 272 276 277 272 277 273 273 277 278 273 278 274 274 278 279 274 279 275 275 279 276 275 276 272 280 281 282 280 282 283 284 287 286 284 286 285 280 284 285 280 285 281 281 285 286 281 286 282 282 286 287 282 287 283 283 287 284 283 284 280 288 289 290 288 290 291 292 295 294 292 294 293 288 292 293 288 293 289 289 293 294 289 294 290 290 294 295 290 295 291 291 295 292 291 292 288 296 297 298 296 298 299 300 303 302 300 302 301 296 300 301 296 301 297 297 301 302 297 302 298 298 302 303 298 303 299 299 303 300 299 300 296 304 305 306 304 306 307 308 311 310 308 310 309 304 308 309 304 309 305 305 309 310 305 310 306 306 310 311 306 311 307 307 311 308 307 308 304 312 313 314 312 314 315 316 319 318 316 318 317 312 316 317 312 317 313 313 317 318 313 318 314 314 318 319 314 319 315 315 319 316 315 316 312 320 321 322 320 322 323 324 327 326 324 326 325 320 324 325 320 325 321 321 325 326 321 326 322 322 326 327 322 327 323 323 327 324 323 324 320 328 329 330 328 330 331 332 335 334 332 334 333 328 332 333 328 333 329 329 333 334 329 334 330 330 334 335 330 335 331 331 335 332 331 332 328 336 337 338 336 338 339 340 343 342 340 342 341 336 340 341 336 341 337 337 341 342 337 342 338 338 342 343 338 343 339 339 343 340 339 340 336 344 345 346 344 346 347 348 351 350 348 350 349 344 348 349 344 349 345 345 349 350 345 350 346 346 350 351 346 351 347 347 351 348 347 348 344 352 353 354 352 354 355 356 359 358 356 358 357 352 356 357 352 357 353 353 357 358 353 358 354 354 358 359 354 359 355 355 359 356 355 356 352 360 361 362 360 362 363 364 367 366 364 366 365 360 364 365 360 365 361 361 365 366 361 366 362 362 366 367 362 367 363 363 367 364 363 364 360 368 369 370 368 370 371 372 375 374 372 374 373 368 372 373 368 373 369 369 373 374 369 374 370 370 374 375 370 375 371 371 375 372 371 372 368 376 377 378 376 378 379 380 383 382 380 382 381 376 380 381 376 381 377 377 381 382 377 382 378 378 382 383 378 383 379 379 383 380 379 380 376 384 385 386 384 386 387 388 391 390 388 390 389 384 388 389 384 389 385 385 389 390 385 390 386 386 390 391 386 391 387 387 391 388 387 388 384 392 393 394 392 394 395 396 399 398 396 398 397 392 396 397 392 397 393 393 397 398 393 398 394 394 398 399 394 399 395 395 399 396 395 396 392 400 401 402 400 402 403 404 407 406 404 406 405 400 404 405 400 405 401 401 405 406 401 406 402 402 406 407 402 407 403 403 407 404 403 404 400 408 409 410 408 410 411 412 415 414 412 414 413 408 412 413 408 413 409 409 413 414 409 414 410 410 414 415 410 415 411 411 415 412 411 412 408 416 417 418 416 418 419 420 423 422 420 422 421 416 420 421 416 421 417 417 421 422 417 422 418 418 422 423 418 423 419 419 423 420 419 420 416 424 425 426 424 426 427 428 431 430 428 430 429 424 428 429 424 429 425 425 429 430 425 430 426 426 430 431 426 431 427 427 431 428 427 428 424 432 433 434 432 434 435 436 439 438 436 438 437 432 436 437 432 437 433 433 437 438 433 438 434 434 438 439 434 439 435 435 439 436 435 436 432 440 441 442 440 442 443 444 447 446 444 446 445 440 444 445 440 445 441 441 445 446 441 446 442 442 446 447 442 447 443 443 447 444 443 444 440 448 449 450 448 450 451 452 455 454 452 454 453 448 452 453 448 453 449 449 453 454 449 454 450 450 454 455 450 455 451 451 455 452 451 452 448 456 457 458 456 458 459 460 463 462 460 462 461 456 460 461 456 461 457 457 461 462 457 462 458 458 462 463 458 463 459 459 463 460 459 460 456 464 465 466 464 466 467 468 471 470 468 470 469 464 468 469 464 469 465 465 469 470 465 470 466 466 470 471 466 471 467 467 471 468 467 468 464 472 473 474 472 474 475 476 479 478 476 478 477 472 476 477 472 477 473 473 477 478 473 478 474 474 478 479 474 479 475 475 479 476 475 476 472 480 481 482 480 482 483 484 487 486 484 486 485 480 484 485 480 485 481 481 485 486 481 486 482 482 486 487 482 487 483 483 487 484 483 484 480 488 489 490 488 490 491 492 495 494 492 494 493 488 492 493 488 493 489 489 493 494 489 494 490 490 494 495 490 495 491 491 495 492 491 492 488 496 497 498 496 498 499 500 503 502 500 502 501 496 500 501 496 501 497 497 501 502 497 502 498 498 502 503 498 503 499 499 503 500 499 500 496 504 505 506 504 506 507 508 511 510 508 510 509 504 508 509 504 509 505 505 509 510 505 510 506 506 510 511 506 511 507 507 511 508 507 508 504 512 513 514 512 514 515 516 519 518 516 518 517 512 516 517 512 517 513 513 517 518 513 518 514 514 518 519 514 519 515 515 519 516 515 516 512 520 521 522 520 522 523 524 527 526 524 526 525 520 524 525 520 525 521 521 525 526 521 526 522 522 526 527 522 527 523 523 527 524 523 524 520 528 529 530 528 530 531 532 535 534 532 534 533 528 532 533 528 533 529 529 533 534 529 534 530 530 534 535 530 535 531 531 535 532 531 532 528 536 537 538 536 538 539 540 543 542 540 542 541 536 540 541 536 541 537 537 541 542 537 542 538 538 542 543 538 543 539 539 543 540 539 540 536 544 545 546 544 546 547 548 551 550 548 550 549 544 548 549 544 549 545 545 549 550 545 550 546 546 550 551 546 551 547 547 551 548 547 548 544 552 553 554 552 554 555 556 559 558 556 558 557 552 556 557 552 557 553 553 557 558 553 558 554 554 558 559 554 559 555 555 559 556 555 556 552 560 561 562 560 562 563 564 567 566 564 566 565 560 564 565 560 565 561 561 565 566 561 566 562 562 566 567 562 567 563 563 567 564 563 564 560 568 569 570 568 570 571 572 575 574 572 574 573 568 572 573 568 573 569 569 573 574 569 574 570 570 574 575 570 575 571 571 575 572 571 572 568 576 577 578 576 578 579 580 583 582 580 582 581 576 580 581 576 581 577 577 581 582 577 582 578 578 582 583 578 583 579 579 583 580 579 580 576 584 585 586 584 586 587 588 591 590 588 590 589 584 588 589 584 589 585 585 589 590 585 590 586 586 590 591 586 591 587 587 591 588 587 588 584 592 593 594 592 594 595 596 599 598 596 598 597 592 596 597 592 597 593 593 597 598 593 598 594 594 598 599 594 599 595 595 599 596 595 596 592 600 601 602 600 602 603 604 607 606 604 606 605 600 604 605 600 605 601 601 605 606 601 606 602 602 606 607 602 607 603 603 607 604 603 604 600 608 609 610 608 610 611 612 615 614 612 614 613 608 612 613 608 613 609 609 613 614 609 614 610 610 614 615 610 615 611 611 615 612 611 612 608 616 617 618 616 618 619 620 623 622 620 622 621 616 620 621 616 621 617 617 621 622 617 622 618 618 622 623 618 623 619 619 623 620 619 620 616 624 625 626 624 626 627 628 631 630 628 630 629 624 628 629 624 629 625 625 629 630 625 630 626 626 630 631 626 631 627 627 631 628 627 628 624 632 633 634 632 634 635 636 639 638 636 638 637 632 636 637 632 637 633 633 637 638 633 638 634 634 638 639 634 639 635 635 639 636 635 636 632 640 641 642 640 642 643 644 647 646 644 646 645 640 644 645 640 645 641 641 645 646 641 646 642 642 646 647 642 647 643 643 647 644 643 644 640 648 649 650 648 650 651 652 655 654 652 654 653 648 652 653 648 653 649 649 653 654 649 654 650 650 654 655 650 655 651 651 655 652 651 652 648 656 657 658 656 658 659 660 663 662 660 662 661 656 660 661 656 661 657 657 661 662 657 662 658 658 662 663 658 663 659 659 663 660 659 660 656 664 665 666 664 666 667 668 671 670 668 670 669 664 668 669 664 669 665 665 669 670 665 670 666 666 670 671 666 671 667 667 671 668 667 668 664 672 673 674 672 674 675 676 679 678 676 678 677 672 676 677 672 677 673 673 677 678 673 678 674 674 678 679 674 679 675 675 679 676 675 676 672 680 681 682 680 682 683 684 687 686 684 686 685 680 684 685 680 685 681 681 685 686 681 686 682 682 686 687 682 687 683 683 687 684 683 684 680 688 689 690 688 690 691 692 695 694 692 694 693 688 692 693 688 693 689 689 693 694 689 694 690 690 694 695 690 695 691 691 695 692 691 692 688 696 697 698 696 698 699 700 703 702 700 702 701 696 700 701 696 701 697 697 701 702 697 702 698 698 702 703 698 703 699 699 703 700 699 700 696 704 705 706 704 706 707 708 711 710 708 710 709 704 708 709 704 709 705 705 709 710 705 710 706 706 710 711 706 711 707 707 711 708 707 708 704 712 713 714 712 714 715 716 719 718 716 718 717 712 716 717 712 717 713 713 717 718 713 718 714 714 718 719 714 719 715 715 719 716 715 716 712 720 721 722 720 722 723 724 727 726 724 726 725 720 724 725 720 725 721 721 725 726 721 726 722 722 726 727 722 727 723 723 727 724 723 724 720 728 729 730 728 730 731 732 735 734 732 734 733 728 732 733 728 733 729 729 733 734 729 734 730 730 734 735 730 735 731 731 735 732 731 732 728 736 737 738 736 738 739 740 743 742 740 742 741 736 740 741 736 741 737 737 741 742 737 742 738 738 742 743 738 743 739 739 743 740 739 740 736 744 745 746 744 746 747 748 751 750 748 750 749 744 748 749 744 749 745 745 749 750 745 750 746 746 750 751 746 751 747 747 751 748 747 748 744 752 753 754 752 754 755 756 759 758 756 758 757 752 756 757 752 757 753 753 757 758 753 758 754 754 758 759 754 759 755 755 759 756 755 756 752 760 761 762 760 762 763 764 767 766 764 766 765 760 764 765 760 765 761 761 765 766 761 766 762 762 766 767 762 767 763 763 767 764 763 764 760 768 769 770 768 770 771 772 775 774 772 774 773 768 772 773 768 773 769 769 773 774 769 774 770 770 774 775 770 775 771 771 775 772 771 772 768 776 777 778 776 778 779 780 783 782 780 782 781 776 780 781 776 781 777 777 781 782 777 782 778 778 782 783 778 783 779 779 783 780 779 780 776 784 785 786 784 786 787 788 791 790 788 790 789 784 788 789 784 789 785 785 789 790 785 790 786 786 790 791 786 791 787 787 791 788 787 788 784 792 793 794 792 794 795 796 799 798 796 798 797 792 796 797 792 797 793 793 797 798 793 798 794 794 798 799 794 799 795 795 799 796 795 796 792 800 801 802 800 802 803 804 807 806 804 806 805 800 804 805 800 805 801 801 805 806 801 806 802 802 806 807 802 807 803 803 807 804 803 804 800 808 809 810 808 810 811 812 815 814 812 814 813 808 812 813 808 813 809 809 813 814 809 814 810 810 814 815 810 815 811 811 815 812 811 812 808 816 817 818 816 818 819 820 823 822 820 822 821 816 820 821 816 821 817 817 821 822 817 822 818 818 822 823 818 823 819 819 823 820 819 820 816 824 825 826 824 826 827 828 831 830 828 830 829 824 828 829 824 829 825 825 829 830 825 830 826 826 830 831 826 831 827 827 831 828 827 828 824 832 833 834 832 834 835 836 839 838 836 838 837 832 836 837 832 837 833 833 837 838 833 838 834 834 838 839 834 839 835 835 839 836 835 836 832 840 841 842 840 842 843 844 847 846 844 846 845 840 844 845 840 845 841 841 845 846 841 846 842 842 846 847 842 847 843 843 847 844 843 844 840 848 849 850 848 850 851 852 855 854 852 854 853 848 852 853 848 853 849 849 853 854 849 854 850 850 854 855 850 855 851 851 855 852 851 852 848 856 857 858 856 858 859 860 863 862 860 862 861 856 860 861 856 861 857 857 861 862 857 862 858 858 862 863 858 863 859 859 863 860 859 860 856 864 865 866 864 866 867 868 871 870 868 870 869 864 868 869 864 869 865 865 869 870 865 870 866 866 870 871 866 871 867 867 871 868 867 868 864 872 873 874 872 874 875 876 879 878 876 878 877 872 876 877 872 877 873 873 877 878 873 878 874 874 878 879 874 879 875 875 879 876 875 876 872 880 881 882 880 882 883 884 887 886 884 886 885 880 884 885 880 885 881 881 885 886 881 886 882 882 886 887 882 887 883 883 887 884 883 884 880 888 889 890 888 890 891 892 895 894 892 894 893 888 892 893 888 893 889 889 893 894 889 894 890 890 894 895 890 895 891 891 895 892 891 892 888 896 897 898 896 898 899 900 903 902 900 902 901 896 900 901 896 901 897 897 901 902 897 902 898 898 902 903 898 903 899 899 903 900 899 900 896 904 905 906 904 906 907 908 911 910 908 910 909 904 908 909 904 909 905 905 909 910 905 910 906 906 910 911 906 911 907 907 911 908 907 908 904 912 913 914 912 914 915 916 919 918 916 918 917 912 916 917 912 917 913 913 917 918 913 918 914 914 918 919 914 919 915 915 919 916 915 916 912 920 921 922 920 922 923 924 927 926 924 926 925 920 924 925 920 925 921 921 925 926 921 926 922 922 926 927 922 927 923 923 927 924 923 924 920 928 929 930 928 930 931 932 935 934 932 934 933 928 932 933 928 933 929 929 933 934 929 934 930 930 934 935 930 935 931 931 935 932 931 932 928 936 937 938 936 938 939 940 943 942 940 942 941 936 940 941 936 941 937 937 941 942 937 942 938 938 942 943 938 943 939 939 943 940 939 940 936 944 945 946 944 946 947 948 951 950 948 950 949 944 948 949 944 949 945 945 949 950 945 950 946 946 950 951 946 951 947 947 951 948 947 948 944 952 953 954 952 954 955 956 959 958 956 958 957 952 956 957 952 957 953 953 957 958 953 958 954 954 958 959 954 959 955 955 959 956 955 956 952 960 961 962 960 962 963 964 967 966 964 966 965 960 964 965 960 965 961 961 965 966 961 966 962 962 966 967 962 967 963 963 967 964 963 964 960 968 969 970 968 970 971 972 975 974 972 974 973 968 972 973 968 973 969 969 973 974 969 974 970 970 974 975 970 975 971 971 975 972 971 972 968 976 977 978 976 978 979 980 983 982 980 982 981 976 980 981 976 981 977 977 981 982 977 982 978 978 982 983 978 983 979 979 983 980 979 980 976 984 985 986 984 986 987 988 991 990 988 990 989 984 988 989 984 989 985 985 989 990 985 990 986 986 990 991 986 991 987 987 991 988 987 988 984 992 993 994 992 994 995 996 999 998 996 998 997 992 996 997 992 997 993 993 997 998 993 998 994 994 998 999 994 999 995 995 999 996 995 996 992 1000 1001 1002 1000 1002 1003 1004 1007 1006 1004 1006 1005 1000 1004 1005 1000 1005 1001 1001 1005 1006 1001 1006 1002 1002 1006 1007 1002 1007 1003 1003 1007 1004 1003 1004 1000 1008 1009 1010 1008 1010 1011 1012 1015 1014 1012 1014 1013 1008 1012 1013 1008 1013 1009 1009 1013 1014 1009 1014 1010 1010 1014 1015 1010 1015 1011 1011 1015 1012 1011 1012 1008 1016 1017 1018 1016 1018 1019 1020 1023 1022 1020 1022 1021 1016 1020 1021 1016 1021 1017 1017 1021 1022 1017 1022 1018 1018 1022 1023 1018 1023 1019 1019 1023 1020 1019 1020 1016 1024 1025 1026 1024 1026 1027 1028 1031 1030 1028 1030 1029 1024 1028 1029 1024 1029 1025 1025 1029 1030 1025 1030 1026 1026 1030 1031 1026 1031 1027 1027 1031 1028 1027 1028 1024 1032 1033 1034 1032 1034 1035 1036 1039 1038 1036 1038 1037 1032 1036 1037 1032 1037 1033 1033 1037 1038 1033 1038 1034 1034 1038 1039 1034 1039 1035 1035 1039 1036 1035 1036 1032 1040 1041 1042 1040 1042 1043 1044 1047 1046 1044 1046 1045 1040 1044 1045 1040 1045 1041 1041 1045 1046 1041 1046 1042 1042 1046 1047 1042 1047 1043 1043 1047 1044 1043 1044 1040 1048 1049 1050 1048 1050 1051 1052 1055 1054 1052 1054 1053 1048 1052 1053 1048 1053 1049 1049 1053 1054 1049 1054 1050 1050 1054 1055 1050 1055 1051 1051 1055 1052 1051 1052 1048 1056 1057 1058 1056 1058 1059 1060 1063 1062 1060 1062 1061 1056 1060 1061 1056 1061 1057 1057 1061 1062 1057 1062 1058 1058 1062 1063 1058 1063 1059 1059 1063 1060 1059 1060 1056 1064 1065 1066 1064 1066 1067 1068 1071 1070 1068 1070 1069 1064 1068 1069 1064 1069 1065 1065 1069 1070 1065 1070 1066 1066 1070 1071 1066 1071 1067 1067 1071 1068 1067 1068 1064 1072 1073 1074 1072 1074 1075 1076 1079 1078 1076 1078 1077 1072 1076 1077 1072 1077 1073 1073 1077 1078 1073 1078 1074 1074 1078 1079 1074 1079 1075 1075 1079 1076 1075 1076 1072 1080 1081 1082 1080 1082 1083 1084 1087 1086 1084 1086 1085 1080 1084 1085 1080 1085 1081 1081 1085 1086 1081 1086 1082 1082 1086 1087 1082 1087 1083 1083 1087 1084 1083 1084 1080 1088 1089 1090 1088 1090 1091 1092 1095 1094 1092 1094 1093 1088 1092 1093 1088 1093 1089 1089 1093 1094 1089 1094 1090 1090 1094 1095 1090 1095 1091 1091 1095 1092 1091 1092 1088 1096 1097 1098 1096 1098 1099 1100 1103 1102 1100 1102 1101 1096 1100 1101 1096 1101 1097 1097 1101 1102 1097 1102 1098 1098 1102 1103 1098 1103 1099 1099 1103 1100 1099 1100 1096 1104 1105 1106 1104 1106 1107 1108 1111 1110 1108 1110 1109 1104 1108 1109 1104 1109 1105 1105 1109 1110 1105 1110 1106 1106 1110 1111 1106 1111 1107 1107 1111 1108 1107 1108 1104 1112 1113 1114 1112 1114 1115 1116 1119 1118 1116 1118 1117 1112 1116 1117 1112 1117 1113 1113 1117 1118 1113 1118 1114 1114 1118 1119 1114 1119 1115 1115 1119 1116 1115 1116 1112 1120 1121 1122 1120 1122 1123 1124 1127 1126 1124 1126 1125 1120 1124 1125 1120 1125 1121 1121 1125 1126 1121 1126 1122 1122 1126 1127 1122 1127 1123 1123 1127 1124 1123 1124 1120 1128 1129 1130 1128 1130 1131 1132 1135 1134 1132 1134 1133 1128 1132 1133 1128 1133 1129 1129 1133 1134 1129 1134 1130 1130 1134 1135 1130 1135 1131 1131 1135 1132 1131 1132 1128 1136 1137 1138 1136 1138 1139 1140 1143 1142 1140 1142 1141 1136 1140 1141 1136 1141 1137 1137 1141 1142 1137 1142 1138 1138 1142 1143 1138 1143 1139 1139 1143 1140 1139 1140 1136 1144 1145 1146 1144 1146 1147 1148 1151 1150 1148 1150 1149 1144 1148 1149 1144 1149 1145 1145 1149 1150 1145 1150 1146 1146 1150 1151 1146 1151 1147 1147 1151 1148 1147 1148 1144 1152 1153 1154 1152 1154 1155 1156 1159 1158 1156 1158 1157 1152 1156 1157 1152 1157 1153 1153 1157 1158 1153 1158 1154 1154 1158 1159 1154 1159 1155 1155 1159 1156 1155 1156 1152 1160 1161 1162 1160 1162 1163 1164 1167 1166 1164 1166 1165 1160 1164 1165 1160 1165 1161 1161 1165 1166 1161 1166 1162 1162 1166 1167 1162 1167 1163 1163 1167 1164 1163 1164 1160 1168 1169 1170 1168 1170 1171 1172 1175 1174 1172 1174 1173 1168 1172 1173 1168 1173 1169 1169 1173 1174 1169 1174 1170 1170 1174 1175 1170 1175 1171 1171 1175 1172 1171 1172 1168 1176 1177 1178 1176 1178 1179 1180 1183 1182 1180 1182 1181 1176 1180 1181 1176 1181 1177 1177 1181 1182 1177 1182 1178 1178 1182 1183 1178 1183 1179 1179 1183 1180 1179 1180 1176 1184 1185 1186 1184 1186 1187 1188 1191 1190 1188 1190 1189 1184 1188 1189 1184 1189 1185 1185 1189 1190 1185 1190 1186 1186 1190 1191 1186 1191 1187 1187 1191 1188 1187 1188 1184 1192 1193 1194 1192 1194 1195 1196 1199 1198 1196 1198 1197 1192 1196 1197 1192 1197 1193 1193 1197 1198 1193 1198 1194 1194 1198 1199 1194 1199 1195 1195 1199 1196 1195 1196 1192 1200 1201 1202 1200 1202 1203 1204 1207 1206 1204 1206 1205 1200 1204 1205 1200 1205 1201 1201 1205 1206 1201 1206 1202 1202 1206 1207 1202 1207 1203 1203 1207 1204 1203 1204 1200 1208 1209 1210 1208 1210 1211 1212 1215 1214 1212 1214 1213 1208 1212 1213 1208 1213 1209 1209 1213 1214 1209 1214 1210 1210 1214 1215 1210 1215 1211 1211 1215 1212 1211 1212 1208 1216 1217 1218 1216 1218 1219 1220 1223 1222 1220 1222 1221 1216 1220 1221 1216 1221 1217 1217 1221 1222 1217 1222 1218 1218 1222 1223 1218 1223 1219 1219 1223 1220 1219 1220 1216 1224 1225 1226 1224 1226 1227 1228 1231 1230 1228 1230 1229 1224 1228 1229 1224 1229 1225 1225 1229 1230 1225 1230 1226 1226 1230 1231 1226 1231 1227 1227 1231 1228 1227 1228 1224 1232 1233 1234 1232 1234 1235 1236 1239 1238 1236 1238 1237 1232 1236 1237 1232 1237 1233 1233 1237 1238 1233 1238 1234 1234 1238 1239 1234 1239 1235 1235 1239 1236 1235 1236 1232 1240 1241 1242 1240 1242 1243 1244 1247 1246 1244 1246 1245 1240 1244 1245 1240 1245 1241 1241 1245 1246 1241 1246 1242 1242 1246 1247 1242 1247 1243 1243 1247 1244 1243 1244 1240 1248 1249 1250 1248 1250 1251 1252 1255 1254 1252 1254 1253 1248 1252 1253 1248 1253 1249 1249 1253 1254 1249 1254 1250 1250 1254 1255 1250 1255 1251 1251 1255 1252 1251 1252 1248 1256 1257 1258 1256 1258 1259 1260 1263 1262 1260 1262 1261 1256 1260 1261 1256 1261 1257 1257 1261 1262 1257 1262 1258 1258 1262 1263 1258 1263 1259 1259 1263 1260 1259 1260 1256 1264 1265 1266 1264 1266 1267 1268 1271 1270 1268 1270 1269 1264 1268 1269 1264 1269 1265 1265 1269 1270 1265 1270 1266 1266 1270 1271 1266 1271 1267 1267 1271 1268 1267 1268 1264 1272 1273 1274 1272 1274 1275 1276 1279 1278 1276 1278 1277 1272 1276 1277 1272 1277 1273 1273 1277 1278 1273 1278 1274 1274 1278 1279 1274 1279 1275 1275 1279 1276 1275 1276 1272 1280 1281 1282 1280 1282 1283 1284 1287 1286 1284 1286 1285 1280 1284 1285 1280 1285 1281 1281 1285 1286 1281 1286 1282 1282 1286 1287 1282 1287 1283 1283 1287 1284 1283 1284 1280 1288 1289 1290 1288 1290 1291 1292 1295 1294 1292 1294 1293 1288 1292 1293 1288 1293 1289 1289 1293 1294 1289 1294 1290 1290 1294 1295 1290 1295 1291 1291 1295 1292 1291 1292 1288 1296 1297 1298 1296 1298 1299 1300 1303 1302 1300 1302 1301 1296 1300 1301 1296 1301 1297 1297 1301 1302 1297 1302 1298 1298 1302 1303 1298 1303 1299 1299 1303 1300 1299 1300 1296 1304 1305 1306 1304 1306 1307 1308 1311 1310 1308 1310 1309 1304 1308 1309 1304 1309 1305 1305 1309 1310 1305 1310 1306 1306 1310 1311 1306 1311 1307 1307 1311 1308 1307 1308 1304 1312 1313 1314 1312 1314 1315 1316 1319 1318 1316 1318 1317 1312 1316 1317 1312 1317 1313 1313 1317 1318 1313 1318 1314 1314 1318 1319 1314 1319 1315 1315 1319 1316 1315 1316 1312 1320 1321 1322 1320 1322 1323 1324 1327 1326 1324 1326 1325 1320 1324 1325 1320 1325 1321 1321 1325 1326 1321 1326 1322 1322 1326 1327 1322 1327 1323 1323 1327 1324 1323 1324 1320 1328 1329 1330 1328 1330 1331 1332 1335 1334 1332 1334 1333 1328 1332 1333 1328 1333 1329 1329 1333 1334 1329 1334 1330 1330 1334 1335 1330 1335 1331 1331 1335 1332 1331 1332 1328 1336 1337 1338 1336 1338 1339 1340 1343 1342 1340 1342 1341 1336 1340 1341 1336 1341 1337 1337 1341 1342 1337 1342 1338 1338 1342 1343 1338 1343 1339 1339 1343 1340 1339 1340 1336 1344 1345 1346 1344 1346 1347 1348 1351 1350 1348 1350 1349 1344 1348 1349 1344 1349 1345 1345 1349 1350 1345 1350 1346 1346 1350 1351 1346 1351 1347 1347 1351 1348 1347 1348 1344 1352 1353 1354 1352 1354 1355 1356 1359 1358 1356 1358 1357 1352 1356 1357 1352 1357 1353 1353 1357 1358 1353 1358 1354 1354 1358 1359 1354 1359 1355 1355 1359 1356 1355 1356 1352 1360 1361 1362 1360 1362 1363 1364 1367 1366 1364 1366 1365 1360 1364 1365 1360 1365 1361 1361 1365 1366 1361 1366 1362 1362 1366 1367 1362 1367 1363 1363 1367 1364 1363 1364 1360 1368 1369 1370 1368 1370 1371 1372 1375 1374 1372 1374 1373 1368 1372 1373 1368 1373 1369 1369 1373 1374 1369 1374 1370 1370 1374 1375 1370 1375 1371 1371 1375 1372 1371 1372 1368 1376 1377 1378 1376 1378 1379 1380 1383 1382 1380 1382 1381 1376 1380 1381 1376 1381 1377 1377 1381 1382 1377 1382 1378 1378 1382 1383 1378 1383 1379 1379 1383 1380 1379 1380 1376 1384 1385 1386 1384 1386 1387 1388 1391 1390 1388 1390 1389 1384 1388 1389 1384 1389 1385 1385 1389 1390 1385 1390 1386 1386 1390 1391 1386 1391 1387 1387 1391 1388 1387 1388 1384 1392 1393 1394 1392 1394 1395 1396 1399 1398 1396 1398 1397 1392 1396 1397 1392 1397 1393 1393 1397 1398 1393 1398 1394 1394 1398 1399 1394 1399 1395 1395 1399 1396 1395 1396 1392 1400 1401 1402 1400 1402 1403 1404 1407 1406 1404 1406 1405 1400 1404 1405 1400 1405 1401 1401 1405 1406 1401 1406 1402 1402 1406 1407 1402 1407 1403 1403 1407 1404 1403 1404 1400 1408 1409 1410 1408 1410 1411 1412 1415 1414 1412 1414 1413 1408 1412 1413 1408 1413 1409 1409 1413 1414 1409 1414 1410 1410 1414 1415 1410 1415 1411 1411 1415 1412 1411 1412 1408 1416 1417 1418 1416 1418 1419 1420 1423 1422 1420 1422 1421 1416 1420 1421 1416 1421 1417 1417 1421 1422 1417 1422 1418 1418 1422 1423 1418 1423 1419 1419 1423 1420 1419 1420 1416 1424 1425 1426 1424 1426 1427 1428 1431 1430 1428 1430 1429 1424 1428 1429 1424 1429 1425 1425 1429 1430 1425 1430 1426 1426 1430 1431 1426 1431 1427 1427 1431 1428 1427 1428 1424 1432 1433 1434 1432 1434 1435 1436 1439 1438 1436 1438 1437 1432 1436 1437 1432 1437 1433 1433 1437 1438 1433 1438 1434 1434 1438 1439 1434 1439 1435 1435 1439 1436 1435 1436 1432 1440 1441 1442 1440 1442 1443 1444 1447 1446 1444 1446 1445 1440 1444 1445 1440 1445 1441 1441 1445 1446 1441 1446 1442 1442 1446 1447 1442 1447 1443 1443 1447 1444 1443 1444 1440 1448 1449 1450 1448 1450 1451 1452 1455 1454 1452 1454 1453 1448 1452 1453 1448 1453 1449 1449 1453 1454 1449 1454 1450 1450 1454 1455 1450 1455 1451 1451 1455 1452 1451 1452 1448 1456 1457 1458 1456 1458 1459 1460 1463 1462 1460 1462 1461 1456 1460 1461 1456 1461 1457 1457 1461 1462 1457 1462 1458 1458 1462 1463 1458 1463 1459 1459 1463 1460 1459 1460 1456 1464 1465 1466 1464 1466 1467 1468 1471 1470 1468 1470 1469 1464 1468 1469 1464 1469 1465 1465 1469 1470 1465 1470 1466 1466 1470 1471 1466 1471 1467 1467 1471 1468 1467 1468 1464 1472 1473 1474 1472 1474 1475 1476 1479 1478 1476 1478 1477 1472 1476 1477 1472 1477 1473 1473 1477 1478 1473 1478 1474 1474 1478 1479 1474 1479 1475 1475 1479 1476 1475 1476 1472 1480 1481 1482 1480 1482 1483 1484 1487 1486 1484 1486 1485 1480 1484 1485 1480 1485 1481 1481 1485 1486 1481 1486 1482 1482 1486 1487 1482 1487 1483 1483 1487 1484 1483 1484 1480 1488 1489 1490 1488 1490 1491 1492 1495 1494 1492 1494 1493 1488 1492 1493 1488 1493 1489 1489 1493 1494 1489 1494 1490 1490 1494 1495 1490 1495 1491 1491 1495 1492 1491 1492 1488 1496 1497 1498 1496 1498 1499 1500 1503 1502 1500 1502 1501 1496 1500 1501 1496 1501 1497 1497 1501 1502 1497 1502 1498 1498 1502 1503 1498 1503 1499 1499 1503 1500 1499 1500 1496 1504 1505 1506 1504 1506 1507 1508 1511 1510 1508 1510 1509 1504 1508 1509 1504 1509 1505 1505 1509 1510 1505 1510 1506 1506 1510 1511 1506 1511 1507 1507 1511 1508 1507 1508 1504 1512 1513 1514 1512 1514 1515 1516 1519 1518 1516 1518 1517 1512 1516 1517 1512 1517 1513 1513 1517 1518 1513 1518 1514 1514 1518 1519 1514 1519 1515 1515 1519 1516 1515 1516 1512 1520 1521 1522 1520 1522 1523 1524 1527 1526 1524 1526 1525 1520 1524 1525 1520 1525 1521 1521 1525 1526 1521 1526 1522 1522 1526 1527 1522 1527 1523 1523 1527 1524 1523 1524 1520 1528 1529 1530 1528 1530 1531 1532 1535 1534 1532 1534 1533 1528 1532 1533 1528 1533 1529 1529 1533 1534 1529 1534 1530 1530 1534 1535 1530 1535 1531 1531 1535 1532 1531 1532 1528 1536 1537 1538 1536 1538 1539 1540 1543 1542 1540 1542 1541 1536 1540 1541 1536 1541 1537 1537 1541 1542 1537 1542 1538 1538 1542 1543 1538 1543 1539 1539 1543 1540 1539 1540 1536 1544 1545 1546 1544 1546 1547 1548 1551 1550 1548 1550 1549 1544 1548 1549 1544 1549 1545 1545 1549 1550 1545 1550 1546 1546 1550 1551 1546 1551 1547 1547 1551 1548 1547 1548 1544 1552 1553 1554 1552 1554 1555 1556 1559 1558 1556 1558 1557 1552 1556 1557 1552 1557 1553 1553 1557 1558 1553 1558 1554 1554 1558 1559 1554 1559 1555 1555 1559 1556 1555 1556 1552 1560 1561 1562 1560 1562 1563 1564 1567 1566 1564 1566 1565 1560 1564 1565 1560 1565 1561 1561 1565 1566 1561 1566 1562 1562 1566 1567 1562 1567 1563 1563 1567 1564 1563 1564 1560 1568 1569 1570 1568 1570 1571 1572 1575 1574 1572 1574 1573 1568 1572 1573 1568 1573 1569 1569 1573 1574 1569 1574 1570 1570 1574 1575 1570 1575 1571 1571 1575 1572 1571 1572 1568 1576 1577 1578 1576 1578 1579 1580 1583 1582 1580 1582 1581 1576 1580 1581 1576 1581 1577 1577 1581 1582 1577 1582 1578 1578 1582 1583 1578 1583 1579 1579 1583 1580 1579 1580 1576 1584 1585 1586 1584 1586 1587 1588 1591 1590 1588 1590 1589 1584 1588 1589 1584 1589 1585 1585 1589 1590 1585 1590 1586 1586 1590 1591 1586 1591 1587 1587 1591 1588 1587 1588 1584 1592 1593 1594 1592 1594 1595 1596 1599 1598 1596 1598 1597 1592 1596 1597 1592 1597 1593 1593 1597 1598 1593 1598 1594 1594 1598 1599 1594 1599 1595 1595 1599 1596 1595 1596 1592 1600 1601 1602 1600 1602 1603 1604 1607 1606 1604 1606 1605 1600 1604 1605 1600 1605 1601 1601 1605 1606 1601 1606 1602 1602 1606 1607 1602 1607 1603 1603 1607 1604 1603 1604 1600 1608 1609 1610 1608 1610 1611 1612 1615 1614 1612 1614 1613 1608 1612 1613 1608 1613 1609 1609 1613 1614 1609 1614 1610 1610 1614 1615 1610 1615 1611 1611 1615 1612 1611 1612 1608 1616 1617 1618 1616 1618 1619 1620 1623 1622 1620 1622 1621 1616 1620 1621 1616 1621 1617 1617 1621 1622 1617 1622 1618 1618 1622 1623 1618 1623 1619 1619 1623 1620 1619 1620 1616 1624 1625 1626 1624 1626 1627 1628 1631 1630 1628 1630 1629 1624 1628 1629 1624 1629 1625 1625 1629 1630 1625 1630 1626 1626 1630 1631 1626 1631 1627 1627 1631 1628 1627 1628 1624 1632 1633 1634 1632 1634 1635 1636 1639 1638 1636 1638 1637 1632 1636 1637 1632 1637 1633 1633 1637 1638 1633 1638 1634 1634 1638 1639 1634 1639 1635 1635 1639 1636 1635 1636 1632 1640 1641 1642 1640 1642 1643 1644 1647 1646 1644 1646 1645 1640 1644 1645 1640 1645 1641 1641 1645 1646 1641 1646 1642 1642 1646 1647 1642 1647 1643 1643 1647 1644 1643 1644 1640 1648 1649 1650 1648 1650 1651 1652 1655 1654 1652 1654 1653 1648 1652 1653 1648 1653 1649 1649 1653 1654 1649 1654 1650 1650 1654 1655 1650 1655 1651 1651 1655 1652 1651 1652 1648 1656 1657 1658 1656 1658 1659 1660 1663 1662 1660 1662 1661 1656 1660 1661 1656 1661 1657 1657 1661 1662 1657 1662 1658 1658 1662 1663 1658 1663 1659 1659 1663 1660 1659 1660 1656 1664 1665 1666 1664 1666 1667 1668 1671 1670 1668 1670 1669 1664 1668 1669 1664 1669 1665 1665 1669 1670 1665 1670 1666 1666 1670 1671 1666 1671 1667 1667 1671 1668 1667 1668 1664 1672 1673 1674 1672 1674 1675 1676 1679 1678 1676 1678 1677 1672 1676 1677 1672 1677 1673 1673 1677 1678 1673 1678 1674 1674 1678 1679 1674 1679 1675 1675 1679 1676 1675 1676 1672 1680 1681 1682 1680 1682 1683 1684 1687 1686 1684 1686 1685 1680 1684 1685 1680 1685 1681 1681 1685 1686 1681 1686 1682 1682 1686 1687 1682 1687 1683 1683 1687 1684 1683 1684 1680 1688 1689 1690 1688 1690 1691 1692 1695 1694 1692 1694 1693 1688 1692 1693 1688 1693 1689 1689 1693 1694 1689 1694 1690 1690 1694 1695 1690 1695 1691 1691 1695 1692 1691 1692 1688 1696 1697 1698 1696 1698 1699 1700 1703 1702 1700 1702 1701 1696 1700 1701 1696 1701 1697 1697 1701 1702 1697 1702 1698 1698 1702 1703 1698 1703 1699 1699 1703 1700 1699 1700 1696 1704 1705 1706 1704 1706 1707 1708 1711 1710 1708 1710 1709 1704 1708 1709 1704 1709 1705 1705 1709 1710 1705 1710 1706 1706 1710 1711 1706 1711 1707 1707 1711 1708 1707 1708 1704 1712 1713 1714 1712 1714 1715 1716 1719 1718 1716 1718 1717 1712 1716 1717 1712 1717 1713 1713 1717 1718 1713 1718 1714 1714 1718 1719 1714 1719 1715 1715 1719 1716 1715 1716 1712 1720 1721 1722 1720 1722 1723 1724 1727 1726 1724 1726 1725 1720 1724 1725 1720 1725 1721 1721 1725 1726 1721 1726 1722 1722 1726 1727 1722 1727 1723 1723 1727 1724 1723 1724 1720 1728 1729 1730 1728 1730 1731 1732 1735 1734 1732 1734 1733 1728 1732 1733 1728 1733 1729 1729 1733 1734 1729 1734 1730 1730 1734 1735 1730 1735 1731 1731 1735 1732 1731 1732 1728 1736 1737 1738 1736 1738 1739 1740 1743 1742 1740 1742 1741 1736 1740 1741 1736 1741 1737 1737 1741 1742 1737 1742 1738 1738 1742 1743 1738 1743 1739 1739 1743 1740 1739 1740 1736 1744 1745 1746 1744 1746 1747 1748 1751 1750 1748 1750 1749 1744 1748 1749 1744 1749 1745 1745 1749 1750 1745 1750 1746 1746 1750 1751 1746 1751 1747 1747 1751 1748 1747 1748 1744 1752 1753 1754 1752 1754 1755 1756 1759 1758 1756 1758 1757 1752 1756 1757 1752 1757 1753 1753 1757 1758 1753 1758 1754 1754 1758 1759 1754 1759 1755 1755 1759 1756 1755 1756 1752 1760 1761 1762 1760 1762 1763 1764 1767 1766 1764 1766 1765 1760 1764 1765 1760 1765 1761 1761 1765 1766 1761 1766 1762 1762 1766 1767 1762 1767 1763 1763 1767 1764 1763 1764 1760 1768 1769 1770 1768 1770 1771 1772 1775 1774 1772 1774 1773 1768 1772 1773 1768 1773 1769 1769 1773 1774 1769 1774 1770 1770 1774 1775 1770 1775 1771 1771 1775 1772 1771 1772 1768 1776 1777 1778 1776 1778 1779 1780 1783 1782 1780 1782 1781 1776 1780 1781 1776 1781 1777 1777 1781 1782 1777 1782 1778 1778 1782 1783 1778 1783 1779 1779 1783 1780 1779 1780 1776 1784 1785 1786 1784 1786 1787 1788 1791 1790 1788 1790 1789 1784 1788 1789 1784 1789 1785 1785 1789 1790 1785 1790 1786 1786 1790 1791 1786 1791 1787 1787 1791 1788 1787 1788 1784 1792 1793 1794 1792 1794 1795 1796 1799 1798 1796 1798 1797 1792 1796 1797 1792 1797 1793 1793 1797 1798 1793 1798 1794 1794 1798 1799 1794 1799 1795 1795 1799 1796 1795 1796 1792 1800 1801 1802 1800 1802 1803 1804 1807 1806 1804 1806 1805 1800 1804 1805 1800 1805 1801 1801 1805 1806 1801 1806 1802 1802 1806 1807 1802 1807 1803 1803 1807 1804 1803 1804 1800 1808 1809 1810 1808 1810 1811 1812 1815 1814 1812 1814 1813 1808 1812 1813 1808 1813 1809 1809 1813 1814 1809 1814 1810 1810 1814 1815 1810 1815 1811 1811 1815 1812 1811 1812 1808 1816 1817 1818 1816 1818 1819 1820 1823 1822 1820 1822 1821 1816 1820 1821 1816 1821 1817 1817 1821 1822 1817 1822 1818 1818 1822 1823 1818 1823 1819 1819 1823 1820 1819 1820 1816 1824 1825 1826 1824 1826 1827 1828 1831 1830 1828 1830 1829 1824 1828 1829 1824 1829 1825 1825 1829 1830 1825 1830 1826 1826 1830 1831 1826 1831 1827 1827 1831 1828 1827 1828 1824 1832 1833 1834 1832 1834 1835 1836 1839 1838 1836 1838 1837 1832 1836 1837 1832 1837 1833 1833 1837 1838 1833 1838 1834 1834 1838 1839 1834 1839 1835 1835 1839 1836 1835 1836 1832 1840 1841 1842 1840 1842 1843 1844 1847 1846 1844 1846 1845 1840 1844 1845 1840 1845 1841 1841 1845 1846 1841 1846 1842 1842 1846 1847 1842 1847 1843 1843 1847 1844 1843 1844 1840 1848 1849 1850 1848 1850 1851 1852 1855 1854 1852 1854 1853 1848 1852 1853 1848 1853 1849 1849 1853 1854 1849 1854 1850 1850 1854 1855 1850 1855 1851 1851 1855 1852 1851 1852 1848 1856 1857 1858 1856 1858 1859 1860 1863 1862 1860 1862 1861 1856 1860 1861 1856 1861 1857 1857 1861 1862 1857 1862 1858 1858 1862 1863 1858 1863 1859 1859 1863 1860 1859 1860 1856 1864 1865 1866 1864 1866 1867 1868 1871 1870 1868 1870 1869 1864 1868 1869 1864 1869 1865 1865 1869 1870 1865 1870 1866 1866 1870 1871 1866 1871 1867 1867 1871 1868 1867 1868 1864 1872 1873 1874 1872 1874 1875 1876 1879 1878 1876 1878 1877 1872 1876 1877 1872 1877 1873 1873 1877 1878 1873 1878 1874 1874 1878 1879 1874 1879 1875 1875 1879 1876 1875 1876 1872 1880 1881 1882 1880 1882 1883 1884 1887 1886 1884 1886 1885 1880 1884 1885 1880 1885 1881 1881 1885 1886 1881 1886 1882 1882 1886 1887 1882 1887 1883 1883 1887 1884 1883 1884 1880 1888 1889 1890 1888 1890 1891 1892 1895 1894 1892 1894 1893 1888 1892 1893 1888 1893 1889 1889 1893 1894 1889 1894 1890 1890 1894 1895 1890 1895 1891 1891 1895 1892 1891 1892 1888 1896 1897 1898 1896 1898 1899 1900 1903 1902 1900 1902 1901 1896 1900 1901 1896 1901 1897 1897 1901 1902 1897 1902 1898 1898 1902 1903 1898 1903 1899 1899 1903 1900 1899 1900 1896 1904 1905 1906 1904 1906 1907 1908 1911 1910 1908 1910 1909 1904 1908 1909 1904 1909 1905 1905 1909 1910 1905 1910 1906 1906 1910 1911 1906 1911 1907 1907 1911 1908 1907 1908 1904 1912 1913 1914 1912 1914 1915 1916 1919 1918 1916 1918 1917 1912 1916 1917 1912 1917 1913 1913 1917 1918 1913 1918 1914 1914 1918 1919 1914 1919 1915 1915 1919 1916 1915 1916 1912 1920 1921 1922 1920 1922 1923 1924 1927 1926 1924 1926 1925 1920 1924 1925 1920 1925 1921 1921 1925 1926 1921 1926 1922 1922 1926 1927 1922 1927 1923 1923 1927 1924 1923 1924 1920 1928 1929 1930 1928 1930 1931 1932 1935 1934 1932 1934 1933 1928 1932 1933 1928 1933 1929 1929 1933 1934 1929 1934 1930 1930 1934 1935 1930 1935 1931 1931 1935 1932 1931 1932 1928 1936 1937 1938 1936 1938 1939 1940 1943 1942 1940 1942 1941 1936 1940 1941 1936 1941 1937 1937 1941 1942 1937 1942 1938 1938 1942 1943 1938 1943 1939 1939 1943 1940 1939 1940 1936 1944 1945 1946 1944 1946 1947 1948 1951 1950 1948 1950 1949 1944 1948 1949 1944 1949 1945 1945 1949 1950 1945 1950 1946 1946 1950 1951 1946 1951 1947 1947 1951 1948 1947 1948 1944 1952 1953 1954 1952 1954 1955 1956 1959 1958 1956 1958 1957 1952 1956 1957 1952 1957 1953 1953 1957 1958 1953 1958 1954 1954 1958 1959 1954 1959 1955 1955 1959 1956 1955 1956 1952 1960 1961 1962 1960 1962 1963 1964 1967 1966 1964 1966 1965 1960 1964 1965 1960 1965 1961 1961 1965 1966 1961 1966 1962 1962 1966 1967 1962 1967 1963 1963 1967 1964 1963 1964 1960 1968 1969 1970 1968 1970 1971 1972 1975 1974 1972 1974 1973 1968 1972 1973 1968 1973 1969 1969 1973 1974 1969 1974 1970 1970 1974 1975 1970 1975 1971 1971 1975 1972 1971 1972 1968 1976 1977 1978 1976 1978 1979 1980 1983 1982 1980 1982 1981 1976 1980 1981 1976 1981 1977 1977 1981 1982 1977 1982 1978 1978 1982 1983 1978 1983 1979 1979 1983 1980 1979 1980 1976 1984 1985 1986 1984 1986 1987 1988 1991 1990 1988 1990 1989 1984 1988 1989 1984 1989 1985 1985 1989 1990 1985 1990 1986 1986 1990 1991 1986 1991 1987 1987 1991 1988 1987 1988 1984 1992 1993 1994 1992 1994 1995 1996 1999 1998 1996 1998 1997 1992 1996 1997 1992 1997 1993 1993 1997 1998 1993 1998 1994 1994 1998 1999 1994 1999 1995 1995 1999 1996 1995 1996 1992 2000 2001 2002 2000 2002 2003 2004 2007 2006 2004 2006 2005 2000 2004 2005 2000 2005 2001 2001 2005 2006 2001 2006 2002 2002 2006 2007 2002 2007 2003 2003 2007 2004 2003 2004 2000 2008 2009 2010 2008 2010 2011 2012 2015 2014 2012 2014 2013 2008 2012 2013 2008 2013 2009 2009 2013 2014 2009 2014 2010 2010 2014 2015 2010 2015 2011 2011 2015 2012 2011 2012 2008 2016 2017 2018 2016 2018 2019 2020 2023 2022 2020 2022 2021 2016 2020 2021 2016 2021 2017 2017 2021 2022 2017 2022 2018 2018 2022 2023 2018 2023 2019 2019 2023 2020 2019 2020 2016 2024 2025 2026 2024 2026 2027 2028 2031 2030 2028 2030 2029 2024 2028 2029 2024 2029 2025 2025 2029 2030 2025 2030 2026 2026 2030 2031 2026 2031 2027 2027 2031 2028 2027 2028 2024 2032 2033 2034 2032 2034 2035 2036 2039 2038 2036 2038 2037 2032 2036 2037 2032 2037 2033 2033 2037 2038 2033 2038 2034 2034 2038 2039 2034 2039 2035 2035 2039 2036 2035 2036 2032 2040 2041 2042 2040 2042 2043 2044 2047 2046 2044 2046 2045 2040 2044 2045 2040 2045 2041 2041 2045 2046 2041 2046 2042 2042 2046 2047 2042 2047 2043 2043 2047 2044 2043 2044 2040 2048 2049 2050 2048 2050 2051 2052 2055 2054 2052 2054 2053 2048 2052 2053 2048 2053 2049 2049 2053 2054 2049 2054 2050 2050 2054 2055 2050 2055 2051 2051 2055 2052 2051 2052 2048 2056 2057 2058 2056 2058 2059 2060 2063 2062 2060 2062 2061 2056 2060 2061 2056 2061 2057 2057 2061 2062 2057 2062 2058 2058 2062 2063 2058 2063 2059 2059 2063 2060 2059 2060 2056 2064 2065 2066 2064 2066 2067 2068 2071 2070 2068 2070 2069 2064 2068 2069 2064 2069 2065 2065 2069 2070 2065 2070 2066 2066 2070 2071 2066 2071 2067 2067 2071 2068 2067 2068 2064 2072 2073 2074 2072 2074 2075 2076 2079 2078 2076 2078 2077 2072 2076 2077 2072 2077 2073 2073 2077 2078 2073 2078 2074 2074 2078 2079 2074 2079 2075 2075 2079 2076 2075 2076 2072 2080 2081 2082 2080 2082 2083 2084 2087 2086 2084 2086 2085 2080 2084 2085 2080 2085 2081 2081 2085 2086 2081 2086 2082 2082 2086 2087 2082 2087 2083 2083 2087 2084 2083 2084 2080 2088 2089 2090 2088 2090 2091 2092 2095 2094 2092 2094 2093 2088 2092 2093 2088 2093 2089 2089 2093 2094 2089 2094 2090 2090 2094 2095 2090 2095 2091 2091 2095 2092 2091 2092 2088 2096 2097 2098 2096 2098 2099 2100 2103 2102 2100 2102 2101 2096 2100 2101 2096 2101 2097 2097 2101 2102 2097 2102 2098 2098 2102 2103 2098 2103 2099 2099 2103 2100 2099 2100 2096 2104 2105 2106 2104 2106 2107 2108 2111 2110 2108 2110 2109 2104 2108 2109 2104 2109 2105 2105 2109 2110 2105 2110 2106 2106 2110 2111 2106 2111 2107 2107 2111 2108 2107 2108 2104 2112 2113 2114 2112 2114 2115 2116 2119 2118 2116 2118 2117 2112 2116 2117 2112 2117 2113 2113 2117 2118 2113 2118 2114 2114 2118 2119 2114 2119 2115 2115 2119 2116 2115 2116 2112 2120 2121 2122 2120 2122 2123 2124 2127 2126 2124 2126 2125 2120 2124 2125 2120 2125 2121 2121 2125 2126 2121 2126 2122 2122 2126 2127 2122 2127 2123 2123 2127 2124 2123 2124 2120 2128 2129 2130 2128 2130 2131 2132 2135 2134 2132 2134 2133 2128 2132 2133 2128 2133 2129 2129 2133 2134 2129 2134 2130 2130 2134 2135 2130 2135 2131 2131 2135 2132 2131 2132 2128 2136 2137 2138 2136 2138 2139 2140 2143 2142 2140 2142 2141 2136 2140 2141 2136 2141 2137 2137 2141 2142 2137 2142 2138 2138 2142 2143 2138 2143 2139 2139 2143 2140 2139 2140 2136 2144 2145 2146 2144 2146 2147 2148 2151 2150 2148 2150 2149 2144 2148 2149 2144 2149 2145 2145 2149 2150 2145 2150 2146 2146 2150 2151 2146 2151 2147 2147 2151 2148 2147 2148 2144 2152 2153 2154 2152 2154 2155 2156 2159 2158 2156 2158 2157 2152 2156 2157 2152 2157 2153 2153 2157 2158 2153 2158 2154 2154 2158 2159 2154 2159 2155 2155 2159 2156 2155 2156 2152 2160 2161 2162 2160 2162 2163 2164 2167 2166 2164 2166 2165 2160 2164 2165 2160 2165 2161 2161 2165 2166 2161 2166 2162 2162 2166 2167 2162 2167 2163 2163 2167 2164 2163 2164 2160 2168 2169 2170 2168 2170 2171 2172 2175 2174 2172 2174 2173 2168 2172 2173 2168 2173 2169 2169 2173 2174 2169 2174 2170 2170 2174 2175 2170 2175 2171 2171 2175 2172 2171 2172 2168 2176 2177 2178 2176 2178 2179 2180 2183 2182 2180 2182 2181 2176 2180 2181 2176 2181 2177 2177 2181 2182 2177 2182 2178 2178 2182 2183 2178 2183 2179 2179 2183 2180 2179 2180 2176 2184 2185 2186 2184 2186 2187 2188 2191 2190 2188 2190 2189 2184 2188 2189 2184 2189 2185 2185 2189 2190 2185 2190 2186 2186 2190 2191 2186 2191 2187 2187 2191 2188 2187 2188 2184 2192 2193 2194 2192 2194 2195 2196 2199 2198 2196 2198 2197 2192 2196 2197 2192 2197 2193 2193 2197 2198 2193 2198 2194 2194 2198 2199 2194 2199 2195 2195 2199 2196 2195 2196 2192 2200 2201 2202 2200 2202 2203 2204 2207 2206 2204 2206 2205 2200 2204 2205 2200 2205 2201 2201 2205 2206 2201 2206 2202 2202 2206 2207 2202 2207 2203 2203 2207 2204 2203 2204 2200 2208 2209 2210 2208 2210 2211 2212 2215 2214 2212 2214 2213 2208 2212 2213 2208 2213 2209 2209 2213 2214 2209 2214 2210 2210 2214 2215 2210 2215 2211 2211 2215 2212 2211 2212 2208 2216 2217 2218 2216 2218 2219 2220 2223 2222 2220 2222 2221 2216 2220 2221 2216 2221 2217 2217 2221 2222 2217 2222 2218 2218 2222 2223 2218 2223 2219 2219 2223 2220 2219 2220 2216 2224 2225 2226 2224 2226 2227 2228 2231 2230 2228 2230 2229 2224 2228 2229 2224 2229 2225 2225 2229 2230 2225 2230 2226 2226 2230 2231 2226 2231 2227 2227 2231 2228 2227 2228 2224 2232 2233 2234 2232 2234 2235 2236 2239 2238 2236 2238 2237 2232 2236 2237 2232 2237 2233 2233 2237 2238 2233 2238 2234 2234 2238 2239 2234 2239 2235 2235 2239 2236 2235 2236 2232 2240 2241 2242 2240 2242 2243 2244 2247 2246 2244 2246 2245 2240 2244 2245 2240 2245 2241 2241 2245 2246 2241 2246 2242 2242 2246 2247 2242 2247 2243 2243 2247 2244 2243 2244 2240 2248 2249 2250 2248 2250 2251 2252 2255 2254 2252 2254 2253 2248 2252 2253 2248 2253 2249 2249 2253 2254 2249 2254 2250 2250 2254 2255 2250 2255 2251 2251 2255 2252 2251 2252 2248 2256 2257 2258 2256 2258 2259 2260 2263 2262 2260 2262 2261 2256 2260 2261 2256 2261 2257 2257 2261 2262 2257 2262 2258 2258 2262 2263 2258 2263 2259 2259 2263 2260 2259 2260 2256 2264 2265 2266 2264 2266 2267 2268 2271 2270 2268 2270 2269 2264 2268 2269 2264 2269 2265 2265 2269 2270 2265 2270 2266 2266 2270 2271 2266 2271 2267 2267 2271 2268 2267 2268 2264 2272 2273 2274 2272 2274 2275 2276 2279 2278 2276 2278 2277 2272 2276 2277 2272 2277 2273 2273 2277 2278 2273 2278 2274 2274 2278 2279 2274 2279 2275 2275 2279 2276 2275 2276 2272 2280 2281 2282 2280 2282 2283 2284 2287 2286 2284 2286 2285 2280 2284 2285 2280 2285 2281 2281 2285 2286 2281 2286 2282 2282 2286 2287 2282 2287 2283 2283 2287 2284 2283 2284 2280 2288 2289 2290 2288 2290 2291 2292 2295 2294 2292 2294 2293 2288 2292 2293 2288 2293 2289 2289 2293 2294 2289 2294 2290 2290 2294 2295 2290 2295 2291 2291 2295 2292 2291 2292 2288 2296 2297 2298 2296 2298 2299 2300 2303 2302 2300 2302 2301 2296 2300 2301 2296 2301 2297 2297 2301 2302 2297 2302 2298 2298 2302 2303 2298 2303 2299 2299 2303 2300 2299 2300 2296 2304 2305 2306 2304 2306 2307 2308 2311 2310 2308 2310 2309 2304 2308 2309 2304 2309 2305 2305 2309 2310 2305 2310 2306 2306 2310 2311 2306 2311 2307 2307 2311 2308 2307 2308 2304 2312 2313 2314 2312 2314 2315 2316 2319 2318 2316 2318 2317 2312 2316 2317 2312 2317 2313 2313 2317 2318 2313 2318 2314 2314 2318 2319 2314 2319 2315 2315 2319 2316 2315 2316 2312 2320 2321 2322 2320 2322 2323 2324 2327 2326 2324 2326 2325 2320 2324 2325 2320 2325 2321 2321 2325 2326 2321 2326 2322 2322 2326 2327 2322 2327 2323 2323 2327 2324 2323 2324 2320 2328 2329 2330 2328 2330 2331 2332 2335 2334 2332 2334 2333 2328 2332 2333 2328 2333 2329 2329 2333 2334 2329 2334 2330 2330 2334 2335 2330 2335 2331 2331 2335 2332 2331 2332 2328 2336 2337 2338 2336 2338 2339 2340 2343 2342 2340 2342 2341 2336 2340 2341 2336 2341 2337 2337 2341 2342 2337 2342 2338 2338 2342 2343 2338 2343 2339 2339 2343 2340 2339 2340 2336 2344 2345 2346 2344 2346 2347 2348 2351 2350 2348 2350 2349 2344 2348 2349 2344 2349 2345 2345 2349 2350 2345 2350 2346 2346 2350 2351 2346 2351 2347 2347 2351 2348 2347 2348 2344 2352 2353 2354 2352 2354 2355 2356 2359 2358 2356 2358 2357 2352 2356 2357 2352 2357 2353 2353 2357 2358 2353 2358 2354 2354 2358 2359 2354 2359 2355 2355 2359 2356 2355 2356 2352 2360 2361 2362 2360 2362 2363 2364 2367 2366 2364 2366 2365 2360 2364 2365 2360 2365 2361 2361 2365 2366 2361 2366 2362 2362 2366 2367 2362 2367 2363 2363 2367 2364 2363 2364 2360 2368 2369 2370 2368 2370 2371 2372 2375 2374 2372 2374 2373 2368 2372 2373 2368 2373 2369 2369 2373 2374 2369 2374 2370 2370 2374 2375 2370 2375 2371 2371 2375 2372 2371 2372 2368 2376 2377 2378 2376 2378 2379 2380 2383 2382 2380 2382 2381 2376 2380 2381 2376 2381 2377 2377 2381 2382 2377 2382 2378 2378 2382 2383 2378 2383 2379 2379 2383 2380 2379 2380 2376 2384 2385 2386 2384 2386 2387 2388 2391 2390 2388 2390 2389 2384 2388 2389 2384 2389 2385 2385 2389 2390 2385 2390 2386 2386 2390 2391 2386 2391 2387 2387 2391 2388 2387 2388 2384 2392 2393 2394 2392 2394 2395 2396 2399 2398 2396 2398 2397 2392 2396 2397 2392 2397 2393 2393 2397 2398 2393 2398 2394 2394 2398 2399 2394 2399 2395 2395 2399 2396 2395 2396 2392 2400 2401 2402 2400 2402 2403 2404 2407 2406 2404 2406 2405 2400 2404 2405 2400 2405 2401 2401 2405 2406 2401 2406 2402 2402 2406 2407 2402 2407 2403 2403 2407 2404 2403 2404 2400 2408 2409 2410 2408 2410 2411 2412 2415 2414 2412 2414 2413 2408 2412 2413 2408 2413 2409 2409 2413 2414 2409 2414 2410 2410 2414 2415 2410 2415 2411 2411 2415 2412 2411 2412 2408 2416 2417 2418 2416 2418 2419 2420 2423 2422 2420 2422 2421 2416 2420 2421 2416 2421 2417 2417 2421 2422 2417 2422 2418 2418 2422 2423 2418 2423 2419 2419 2423 2420 2419 2420 2416 2424 2425 2426 2424 2426 2427 2428 2431 2430 2428 2430 2429 2424 2428 2429 2424 2429 2425 2425 2429 2430 2425 2430 2426 2426 2430 2431 2426 2431 2427 2427 2431 2428 2427 2428 2424 2432 2433 2434 2432 2434 2435 2436 2439 2438 2436 2438 2437 2432 2436 2437 2432 2437 2433 2433 2437 2438 2433 2438 2434 2434 2438 2439 2434 2439 2435 2435 2439 2436 2435 2436 2432 2440 2441 2442 2440 2442 2443 2444 2447 2446 2444 2446 2445 2440 2444 2445 2440 2445 2441 2441 2445 2446 2441 2446 2442 2442 2446 2447 2442 2447 2443 2443 2447 2444 2443 2444 2440 2448 2449 2450 2448 2450 2451 2452 2455 2454 2452 2454 2453 2448 2452 2453 2448 2453 2449 2449 2453 2454 2449 2454 2450 2450 2454 2455 2450 2455 2451 2451 2455 2452 2451 2452 2448 2456 2457 2458 2456 2458 2459 2460 2463 2462 2460 2462 2461 2456 2460 2461 2456 2461 2457 2457 2461 2462 2457 2462 2458 2458 2462 2463 2458 2463 2459 2459 2463 2460 2459 2460 2456 2464 2465 2466 2464 2466 2467 2468 2471 2470 2468 2470 2469 2464 2468 2469 2464 2469 2465 2465 2469 2470 2465 2470 2466 2466 2470 2471 2466 2471 2467 2467 2471 2468 2467 2468 2464 2472 2473 2474 2472 2474 2475 2476 2479 2478 2476 2478 2477 2472 2476 2477 2472 2477 2473 2473 2477 2478 2473 2478 2474 2474 2478 2479 2474 2479 2475 2475 2479 2476 2475 2476 2472 2480 2481 2482 2480 2482 2483 2484 2487 2486 2484 2486 2485 2480 2484 2485 2480 2485 2481 2481 2485 2486 2481 2486 2482 2482 2486 2487 2482 2487 2483 2483 2487 2484 2483 2484 2480 2488 2489 2490 2488 2490 2491 2492 2495 2494 2492 2494 2493 2488 2492 2493 2488 2493 2489 2489 2493 2494 2489 2494 2490 2490 2494 2495 2490 2495 2491 2491 2495 2492 2491 2492 2488 2496 2497 2498 2496 2498 2499 2500 2503 2502 2500 2502 2501 2496 2500 2501 2496 2501 2497 2497 2501 2502 2497 2502 2498 2498 2502 2503 2498 2503 2499 2499 2503 2500 2499 2500 2496 2504 2505 2506 2504 2506 2507 2508 2511 2510 2508 2510 2509 2504 2508 2509 2504 2509 2505 2505 2509 2510 2505 2510 2506 2506 2510 2511 2506 2511 2507 2507 2511 2508 2507 2508 2504 2512 2513 2514 2512 2514 2515 2516 2519 2518 2516 2518 2517 2512 2516 2517 2512 2517 2513 2513 2517 2518 2513 2518 2514 2514 2518 2519 2514 2519 2515 2515 2519 2516 2515 2516 2512 2520 2521 2522 2520 2522 2523 2524 2527 2526 2524 2526 2525 2520 2524 2525 2520 2525 2521 2521 2525 2526 2521 2526 2522 2522 2526 2527 2522 2527 2523 2523 2527 2524 2523 2524 2520 2528 2529 2530 2528 2530 2531 2532 2535 2534 2532 2534 2533 2528 2532 2533 2528 2533 2529 2529 2533 2534 2529 2534 2530 2530 2534 2535 2530 2535 2531 2531 2535 2532 2531 2532 2528 2536 2537 2538 2536 2538 2539 2540 2543 2542 2540 2542 2541 2536 2540 2541 2536 2541 2537 2537 2541 2542 2537 2542 2538 2538 2542 2543 2538 2543 2539 2539 2543 2540 2539 2540 2536 2544 2545 2546 2544 2546 2547 2548 2551 2550 2548 2550 2549 2544 2548 2549 2544 2549 2545 2545 2549 2550 2545 2550 2546 2546 2550 2551 2546 2551 2547 2547 2551 2548 2547 2548 2544 2552 2553 2554 2552 2554 2555 2556 2559 2558 2556 2558 2557 2552 2556 2557 2552 2557 2553 2553 2557 2558 2553 2558 2554 2554 2558 2559 2554 2559 2555 2555 2559 2556 2555 2556 2552 2560 2561 2562 2560 2562 2563 2564 2567 2566 2564 2566 2565 2560 2564 2565 2560 2565 2561 2561 2565 2566 2561 2566 2562 2562 2566 2567 2562 2567 2563 2563 2567 2564 2563 2564 2560 2568 2569 2570 2568 2570 2571 2572 2575 2574 2572 2574 2573 2568 2572 2573 2568 2573 2569 2569 2573 2574 2569 2574 2570 2570 2574 2575 2570 2575 2571 2571 2575 2572 2571 2572 2568 2576 2577 2578 2576 2578 2579 2580 2583 2582 2580 2582 2581 2576 2580 2581 2576 2581 2577 2577 2581 2582 2577 2582 2578 2578 2582 2583 2578 2583 2579 2579 2583 2580 2579 2580 2576 2584 2585 2586 2584 2586 2587 2588 2591 2590 2588 2590 2589 2584 2588 2589 2584 2589 2585 2585 2589 2590 2585 2590 2586 2586 2590 2591 2586 2591 2587 2587 2591 2588 2587 2588 2584 2592 2593 2594 2592 2594 2595 2596 2599 2598 2596 2598 2597 2592 2596 2597 2592 2597 2593 2593 2597 2598 2593 2598 2594 2594 2598 2599 2594 2599 2595 2595 2599 2596 2595 2596 2592 2600 2601 2602 2600 2602 2603 2604 2607 2606 2604 2606 2605 2600 2604 2605 2600 2605 2601 2601 2605 2606 2601 2606 2602 2602 2606 2607 2602 2607 2603 2603 2607 2604 2603 2604 2600 2608 2609 2610 2608 2610 2611 2612 2615 2614 2612 2614 2613 2608 2612 2613 2608 2613 2609 2609 2613 2614 2609 2614 2610 2610 2614 2615 2610 2615 2611 2611 2615 2612 2611 2612 2608 2616 2617 2618 2616 2618 2619 2620 2623 2622 2620 2622 2621 2616 2620 2621 2616 2621 2617 2617 2621 2622 2617 2622 2618 2618 2622 2623 2618 2623 2619 2619 2623 2620 2619 2620 2616 2624 2625 2626 2624 2626 2627 2628 2631 2630 2628 2630 2629 2624 2628 2629 2624 2629 2625 2625 2629 2630 2625 2630 2626 2626 2630 2631 2626 2631 2627 2627 2631 2628 2627 2628 2624 2632 2633 2634 2632 2634 2635 2636 2639 2638 2636 2638 2637 2632 2636 2637 2632 2637 2633 2633 2637 2638 2633 2638 2634 2634 2638 2639 2634 2639 2635 2635 2639 2636 2635 2636 2632 2640 2641 2642 2640 2642 2643 2644 2647 2646 2644 2646 2645 2640 2644 2645 2640 2645 2641 2641 2645 2646 2641 2646 2642 2642 2646 2647 2642 2647 2643 2643 2647 2644 2643 2644 2640 2648 2649 2650 2648 2650 2651 2652 2655 2654 2652 2654 2653 2648 2652 2653 2648 2653 2649 2649 2653 2654 2649 2654 2650 2650 2654 2655 2650 2655 2651 2651 2655 2652 2651 2652 2648 2656 2657 2658 2656 2658 2659 2660 2663 2662 2660 2662 2661 2656 2660 2661 2656 2661 2657 2657 2661 2662 2657 2662 2658 2658 2662 2663 2658 2663 2659 2659 2663 2660 2659 2660 2656 2664 2665 2666 2664 2666 2667 2668 2671 2670 2668 2670 2669 2664 2668 2669 2664 2669 2665 2665 2669 2670 2665 2670 2666 2666 2670 2671 2666 2671 2667 2667 2671 2668 2667 2668 2664 2672 2673 2674 2672 2674 2675 2676 2679 2678 2676 2678 2677 2672 2676 2677 2672 2677 2673 2673 2677 2678 2673 2678 2674 2674 2678 2679 2674 2679 2675 2675 2679 2676 2675 2676 2672 2680 2681 2682 2680 2682 2683 2684 2687 2686 2684 2686 2685 2680 2684 2685 2680 2685 2681 2681 2685 2686 2681 2686 2682 2682 2686 2687 2682 2687 2683 2683 2687 2684 2683 2684 2680 2688 2689 2690 2688 2690 2691 2692 2695 2694 2692 2694 2693 2688 2692 2693 2688 2693 2689 2689 2693 2694 2689 2694 2690 2690 2694 2695 2690 2695 2691 2691 2695 2692 2691 2692 2688 2696 2697 2698 2696 2698 2699 2700 2703 2702 2700 2702 2701 2696 2700 2701 2696 2701 2697 2697 2701 2702 2697 2702 2698 2698 2702 2703 2698 2703 2699 2699 2703 2700 2699 2700 2696 2704 2705 2706 2704 2706 2707 2708 2711 2710 2708 2710 2709 2704 2708 2709 2704 2709 2705 2705 2709 2710 2705 2710 2706 2706 2710 2711 2706 2711 2707 2707 2711 2708 2707 2708 2704 2712 2713 2714 2712 2714 2715 2716 2719 2718 2716 2718 2717 2712 2716 2717 2712 2717 2713 2713 2717 2718 2713 2718 2714 2714 2718 2719 2714 2719 2715 2715 2719 2716 2715 2716 2712 2720 2721 2722 2720 2722 2723 2724 2727 2726 2724 2726 2725 2720 2724 2725 2720 2725 2721 2721 2725 2726 2721 2726 2722 2722 2726 2727 2722 2727 2723 2723 2727 2724 2723 2724 2720 2728 2729 2730 2728 2730 2731 2732 2735 2734 2732 2734 2733 2728 2732 2733 2728 2733 2729 2729 2733 2734 2729 2734 2730 2730 2734 2735 2730 2735 2731 2731 2735 2732 2731 2732 2728 2736 2737 2738 2736 2738 2739 2740 2743 2742 2740 2742 2741 2736 2740 2741 2736 2741 2737 2737 2741 2742 2737 2742 2738 2738 2742 2743 2738 2743 2739 2739 2743 2740 2739 2740 2736 2744 2745 2746 2744 2746 2747 2748 2751 2750 2748 2750 2749 2744 2748 2749 2744 2749 2745 2745 2749 2750 2745 2750 2746 2746 2750 2751 2746 2751 2747 2747 2751 2748 2747 2748 2744 2752 2753 2754 2752 2754 2755 2756 2759 2758 2756 2758 2757 2752 2756 2757 2752 2757 2753 2753 2757 2758 2753 2758 2754 2754 2758 2759 2754 2759 2755 2755 2759 2756 2755 2756 2752 2760 2761 2762 2760 2762 2763 2764 2767 2766 2764 2766 2765 2760 2764 2765 2760 2765 2761 2761 2765 2766 2761 2766 2762 2762 2766 2767 2762 2767 2763 2763 2767 2764 2763 2764 2760 2768 2769 2770 2768 2770 2771 2772 2775 2774 2772 2774 2773 2768 2772 2773 2768 2773 2769 2769 2773 2774 2769 2774 2770 2770 2774 2775 2770 2775 2771 2771 2775 2772 2771 2772 2768 2776 2777 2778 2776 2778 2779 2780 2783 2782 2780 2782 2781 2776 2780 2781 2776 2781 2777 2777 2781 2782 2777 2782 2778 2778 2782 2783 2778 2783 2779 2779 2783 2780 2779 2780 2776 2784 2785 2786 2784 2786 2787 2788 2791 2790 2788 2790 2789 2784 2788 2789 2784 2789 2785 2785 2789 2790 2785 2790 2786 2786 2790 2791 2786 2791 2787 2787 2791 2788 2787 2788 2784 2792 2793 2794 2792 2794 2795 2796 2799 2798 2796 2798 2797 2792 2796 2797 2792 2797 2793 2793 2797 2798 2793 2798 2794 2794 2798 2799 2794 2799 2795 2795 2799 2796 2795 2796 2792 2800 2801 2802 2800 2802 2803 2804 2807 2806 2804 2806 2805 2800 2804 2805 2800 2805 2801 2801 2805 2806 2801 2806 2802 2802 2806 2807 2802 2807 2803 2803 2807 2804 2803 2804 2800 2808 2809 2810 2808 2810 2811 2812 2815 2814 2812 2814 2813 2808 2812 2813 2808 2813 2809 2809 2813 2814 2809 2814 2810 2810 2814 2815 2810 2815 2811 2811 2815 2812 2811 2812 2808 2816 2817 2818 2816 2818 2819 2820 2823 2822 2820 2822 2821 2816 2820 2821 2816 2821 2817 2817 2821 2822 2817 2822 2818 2818 2822 2823 2818 2823 2819 2819 2823 2820 2819 2820 2816 2824 2825 2826 2824 2826 2827 2828 2831 2830 2828 2830 2829 2824 2828 2829 2824 2829 2825 2825 2829 2830 2825 2830 2826 2826 2830 2831 2826 2831 2827 2827 2831 2828 2827 2828 2824 2832 2833 2834 2832 2834 2835 2836 2839 2838 2836 2838 2837 2832 2836 2837 2832 2837 2833 2833 2837 2838 2833 2838 2834 2834 2838 2839 2834 2839 2835 2835 2839 2836 2835 2836 2832 2840 2841 2842 2840 2842 2843 2844 2847 2846 2844 2846 2845 2840 2844 2845 2840 2845 2841 2841 2845 2846 2841 2846 2842 2842 2846 2847 2842 2847 2843 2843 2847 2844 2843 2844 2840 2848 2849 2850 2848 2850 2851 2852 2855 2854 2852 2854 2853 2848 2852 2853 2848 2853 2849 2849 2853 2854 2849 2854 2850 2850 2854 2855 2850 2855 2851 2851 2855 2852 2851 2852 2848 2856 2857 2858 2856 2858 2859 2860 2863 2862 2860 2862 2861 2856 2860 2861 2856 2861 2857 2857 2861 2862 2857 2862 2858 2858 2862 2863 2858 2863 2859 2859 2863 2860 2859 2860 2856 2864 2865 2866 2864 2866 2867 2868 2871 2870 2868 2870 2869 2864 2868 2869 2864 2869 2865 2865 2869 2870 2865 2870 2866 2866 2870 2871 2866 2871 2867 2867 2871 2868 2867 2868 2864 2872 2873 2874 2872 2874 2875 2876 2879 2878 2876 2878 2877 2872 2876 2877 2872 2877 2873 2873 2877 2878 2873 2878 2874 2874 2878 2879 2874 2879 2875 2875 2879 2876 2875 2876 2872 2880 2881 2882 2880 2882 2883 2884 2887 2886 2884 2886 2885 2880 2884 2885 2880 2885 2881 2881 2885 2886 2881 2886 2882 2882 2886 2887 2882 2887 2883 2883 2887 2884 2883 2884 2880 2888 2889 2890 2888 2890 2891 2892 2895 2894 2892 2894 2893 2888 2892 2893 2888 2893 2889 2889 2893 2894 2889 2894 2890 2890 2894 2895 2890 2895 2891 2891 2895 2892 2891 2892 2888 2896 2897 2898 2896 2898 2899 2900 2903 2902 2900 2902 2901 2896 2900 2901 2896 2901 2897 2897 2901 2902 2897 2902 2898 2898 2902 2903 2898 2903 2899 2899 2903 2900 2899 2900 2896 2904 2905 2906 2904 2906 2907 2908 2911 2910 2908 2910 2909 2904 2908 2909 2904 2909 2905 2905 2909 2910 2905 2910 2906 2906 2910 2911 2906 2911 2907 2907 2911 2908 2907 2908 2904 2912 2913 2914 2912 2914 2915 2916 2919 2918 2916 2918 2917 2912 2916 2917 2912 2917 2913 2913 2917 2918 2913 2918 2914 2914 2918 2919 2914 2919 2915 2915 2919 2916 2915 2916 2912 2920 2921 2922 2920 2922 2923 2924 2927 2926 2924 2926 2925 2920 2924 2925 2920 2925 2921 2921 2925 2926 2921 2926 2922 2922 2926 2927 2922 2927 2923 2923 2927 2924 2923 2924 2920 2928 2929 2930 2928 2930 2931 2932 2935 2934 2932 2934 2933 2928 2932 2933 2928 2933 2929 2929 2933 2934 2929 2934 2930 2930 2934 2935 2930 2935 2931 2931 2935 2932 2931 2932 2928 2936 2937 2938 2936 2938 2939 2940 2943 2942 2940 2942 2941 2936 2940 2941 2936 2941 2937 2937 2941 2942 2937 2942 2938 2938 2942 2943 2938 2943 2939 2939 2943 2940 2939 2940 2936 2944 2945 2946 2944 2946 2947 2948 2951 2950 2948 2950 2949 2944 2948 2949 2944 2949 2945 2945 2949 2950 2945 2950 2946 2946 2950 2951 2946 2951 2947 2947 2951 2948 2947 2948 2944 2952 2953 2954 2952 2954 2955 2956 2959 2958 2956 2958 2957 2952 2956 2957 2952 2957 2953 2953 2957 2958 2953 2958 2954 2954 2958 2959 2954 2959 2955 2955 2959 2956 2955 2956 2952 2960 2961 2962 2960 2962 2963 2964 2967 2966 2964 2966 2965 2960 2964 2965 2960 2965 2961 2961 2965 2966 2961 2966 2962 2962 2966 2967 2962 2967 2963 2963 2967 2964 2963 2964 2960 2968 2969 2970 2968 2970 2971 2972 2975 2974 2972 2974 2973 2968 2972 2973 2968 2973 2969 2969 2973 2974 2969 2974 2970 2970 2974 2975 2970 2975 2971 2971 2975 2972 2971 2972 2968 2976 2977 2978 2976 2978 2979 2980 2983 2982 2980 2982 2981 2976 2980 2981 2976 2981 2977 2977 2981 2982 2977 2982 2978 2978 2982 2983 2978 2983 2979 2979 2983 2980 2979 2980 2976 2984 2985 2986 2984 2986 2987 2988 2991 2990 2988 2990 2989 2984 2988 2989 2984 2989 2985 2985 2989 2990 2985 2990 2986 2986 2990 2991 2986 2991 2987 2987 2991 2988 2987 2988 2984 2992 2993 2994 2992 2994 2995 2996 2999 2998 2996 2998 2997 2992 2996 2997 2992 2997 2993 2993 2997 2998 2993 2998 2994 2994 2998 2999 2994 2999 2995 2995 2999 2996 2995 2996 2992 3000 3001 3002 3000 3002 3003 3004 3007 3006 3004 3006 3005 3000 3004 3005 3000 3005 3001 3001 3005 3006 3001 3006 3002 3002 3006 3007 3002 3007 3003 3003 3007 3004 3003 3004 3000 3008 3009 3010 3008 3010 3011 3012 3015 3014 3012 3014 3013 3008 3012 3013 3008 3013 3009 3009 3013 3014 3009 3014 3010 3010 3014 3015 3010 3015 3011 3011 3015 3012 3011 3012 3008 3016 3017 3018 3016 3018 3019 3020 3023 3022 3020 3022 3021 3016 3020 3021 3016 3021 3017 3017 3021 3022 3017 3022 3018 3018 3022 3023 3018 3023 3019 3019 3023 3020 3019 3020 3016 3024 3025 3026 3024 3026 3027 3028 3031 3030 3028 3030 3029 3024 3028 3029 3024 3029 3025 3025 3029 3030 3025 3030 3026 3026 3030 3031 3026 3031 3027 3027 3031 3028 3027 3028 3024 3032 3033 3034 3032 3034 3035 3036 3039 3038 3036 3038 3037 3032 3036 3037 3032 3037 3033 3033 3037 3038 3033 3038 3034 3034 3038 3039 3034 3039 3035 3035 3039 3036 3035 3036 3032 3040 3041 3042 3040 3042 3043 3044 3047 3046 3044 3046 3045 3040 3044 3045 3040 3045 3041 3041 3045 3046 3041 3046 3042 3042 3046 3047 3042 3047 3043 3043 3047 3044 3043 3044 3040 3048 3049 3050 3048 3050 3051 3052 3055 3054 3052 3054 3053 3048 3052 3053 3048 3053 3049 3049 3053 3054 3049 3054 3050 3050 3054 3055 3050 3055 3051 3051 3055 3052 3051 3052 3048 3056 3057 3058 3056 3058 3059 3060 3063 3062 3060 3062 3061 3056 3060 3061 3056 3061 3057 3057 3061 3062 3057 3062 3058 3058 3062 3063 3058 3063 3059 3059 3063 3060 3059 3060 3056 3064 3065 3066 3064 3066 3067 3068 3071 3070 3068 3070 3069 3064 3068 3069 3064 3069 3065 3065 3069 3070 3065 3070 3066 3066 3070 3071 3066 3071 3067 3067 3071 3068 3067 3068 3064 3072 3073 3074 3072 3074 3075 3076 3079 3078 3076 3078 3077 3072 3076 3077 3072 3077 3073 3073 3077 3078 3073 3078 3074 3074 3078 3079 3074 3079 3075 3075 3079 3076 3075 3076 3072</p>
        </triangles>
      </mesh>
    </geometry>
  </library_geometries>
  <library_visual_scenes>
    <visual_scene id="Scene" name="Scene">
      <node id="Ruins-Urban-01" name="Ruins-Urban-01">
        <instance_geometry url="#ruins_urban_01_geometry"/>
      </node>
    </visual_scene>
  </library_visual_scenes>
  <scene><instance_visual_scene url="#Scene"/></scene>
</COLLADA>
